pl_name,hostname,pl_eqt,pl_rade,pl_orbsmax,pl_masse,st_teff,st_lum
BD+20 594 b,BD+20 594,546.0,2.23,0.241,16.3,5766.0,-0.05552
BD+60 1417 b,BD+60 1417,1303.0,14.68376472,1662.0,4767.426105,4993.0,0.35595
BD-14 3065 b,BD-14 3065 A,2001.0,21.59,0.0656,3932.0,6935.0,1.06
CFHTWIR-Oph 98 b,CFHTWIR-Oph 98 A,1800.0,20.8487041,200.0,2479.0615746,2320.0,-2.85
COCONUTS-2 b,COCONUTS-2 A,434.0,12.44196858,7506.0,2002.3189641,3406.0,-1.732
CoRoT-19 b,CoRoT-19,2000.0,14.46,0.0518,352.78,6090.0,0.544
CoRoT-32 b,CoRoT-32,938.0,6.38913,0.071,47.6745,5970.0,-0.1549
EPIC 201595106 b,EPIC 201595106,2038.0,1.565,0.0177,7.67,5679.0,-0.04915
EPIC 246851721 b,EPIC 246851721,1401.0,11.780659,0.07229,953.49,6202.0,0.52634
G 9-40 b,G 9-40,440.6,1.9,0.0418,4.0,3395.0,-1.96019
G 9-40 b,G 9-40,456.0,2.025,0.0385,11.7,3348.0,-1.97102
GJ 1132 b,GJ 1132,583.8,1.19151465,0.0157,1.83704819,3229.0,-2.32148
GJ 1132 b,GJ 1132,529.0,1.13,0.0153,1.66,3270.0,-2.35853
GJ 1214 b,GJ 1214,596.0,2.742,0.0149,8.17,3250.0,-2.33724
GJ 1214 b,GJ 1214,567.0,2.733,0.01505,8.41,3101.0,-2.40894
GJ 1252 b,GJ 1252,1089.0,1.193,0.00916,2.09,3458.0,-1.70774
GJ 143 b,GJ 143,422.0,2.61,0.1915,22.7,4640.0,-0.6862
GJ 3090 b,GJ 3090,693.0,2.13,0.03165,3.34,3556.0,-1.34199
GJ 3470 b,GJ 3470,615.0,4.2,0.0348,14.0,3600.0,-1.538
GJ 3473 b,GJ 3473,773.0,1.264,0.01589,1.86,3347.0,-1.82391
GJ 357 b,GJ 357,525.0,1.217,0.035,1.84,3505.0,-1.79833
GJ 367 b,GJ 367,1745.0,0.718,0.0071,0.546,3522.0,-1.54061
GJ 367 b,GJ 367,1365.0,0.699,0.00709,0.633,3522.0,-1.5391
GJ 3929 b,GJ 3929,568.0,1.09,0.0252,1.75,3384.0,-1.96257
GJ 3929 b,GJ 3929,568.8,1.15,0.02569,1.21,3369.0,-1.93742
GJ 436 b,GJ 436,649.0,4.2224,0.02872,23.1688,3350.0,-1.585
GJ 486 b,GJ 486,701.0,1.305,0.01734,2.82,3340.0,-1.91721
GJ 486 b,GJ 486,706.0,1.343,0.01713,3.0,3291.0,-1.9165
GJ 486 b,GJ 486,696.3,1.289,0.01714,2.77,3317.0,-1.93892
GJ 806 b,GJ 806,940.0,1.331,0.01406,1.9,3600.0,-1.58528
GJ 9827 d,GJ 9827,675.0,1.98,0.053,3.02,4236.0,-1.00436
GPX-1 b,GPX-1,2300.0,16.47720163,0.0338,6261.2196179,7000.0,0.72673
Gliese 12 b,Gliese 12,315.0,0.9,0.067,10.0,3253.0,-2.13077
Gliese 12 b,Gliese 12,314.6,0.958,0.0668,3.87,3296.0,-2.13787
HAT-P-1 b,HAT-P-1,1306.0,13.921578,0.0553,169.08556,5975.0,0.17026
HAT-P-11 b,HAT-P-11,878.0,4.73,0.053,25.743,4780.0,-0.585
HAT-P-12 b,HAT-P-12,963.0,10.749,0.0384,67.059,4650.0,-0.678
HAT-P-13 b,HAT-P-13,1653.0,14.359,0.0427,271.098,5653.0,0.346
HAT-P-14 b,HAT-P-14,1570.0,12.89,0.0606,709.367,6600.0,0.563
HAT-P-14 b,HAT-P-14,1612.0,13.4508,0.0596,724.6524,6583.0,0.59218
HAT-P-15 b,HAT-P-15,904.0,12.016,0.0964,618.471,5568.0,0.0
HAT-P-16 b,HAT-P-16,1626.0,14.448,0.0413,1332.605,6158.0,0.29447
HAT-P-17 b,HAT-P-17,792.0,11.321,0.0882,169.71,5246.0,-0.319
HAT-P-18 b,HAT-P-18,852.0,11.153,0.0559,62.61,4803.0,-0.569
HAT-P-19 b,HAT-P-19,981.2,11.29865255,0.04599,88.03846874,4962.0,-0.48545
HAT-P-19 b,HAT-P-19,1010.0,12.689,0.0466,92.802,4990.0,-0.432
HAT-P-2 b,HAT-P-2,1398.0,11.242627,0.0679,2771.4776,6290.0,0.50515
HAT-P-2 b,HAT-P-2,1540.0,12.969,0.06878,2888.95,6290.0,0.577
HAT-P-20 b,HAT-P-20,970.0,9.718,0.0361,2302.899,4595.0,-0.721
HAT-P-21 b,HAT-P-21,1283.0,11.478,0.0494,1291.289,5588.0,0.025
HAT-P-22 b,HAT-P-22,1283.0,12.106,0.0414,682.352,5302.0,-0.114
HAT-P-23 b,HAT-P-23,2056.0,15.334,0.0232,664.237,5905.0,0.199
HAT-P-24 b,HAT-P-24,1637.0,13.922,0.0465,217.704,6373.0,0.408
HAT-P-25 b,HAT-P-25,1182.0,12.722215,0.0466,180.84527,5519.0,-0.15181
HAT-P-25 b,HAT-P-25,1202.0,13.339,0.0466,180.202,5500.0,-0.125
HAT-P-26 b,HAT-P-26,1001.0,6.333,0.0479,18.751,5079.0,-0.42
HAT-P-28 b,HAT-P-28,1384.0,13.585,0.0434,198.953,5680.0,0.053
HAT-P-29 b,HAT-P-29,1260.0,12.408,0.0667,247.261,6087.0,0.265
HAT-P-29 b,HAT-P-29,1271.0,11.926376,0.0665,243.77561,6115.0,0.2833
HAT-P-3 b,HAT-P-3,1127.0,10.076891,0.03882,189.42668,5185.0,-0.34775
HAT-P-30 b,HAT-P-30,1630.0,15.02,0.0419,225.968,6304.0,0.312
HAT-P-31 b,HAT-P-31,1450.0,11.99,0.055,689.98,6065.0,0.348
HAT-P-32 b,HAT-P-32,1835.7,22.19382,0.03397,216.1244,6001.0,0.33806
HAT-P-32 b,HAT-P-32,1786.0,20.053,0.0343,273.322,6207.0,0.294
HAT-P-33 b,HAT-P-33,1782.0,18.898,0.0499,242.176,6446.0,0.618
HAT-P-34 b,HAT-P-34,1520.0,13.417,0.0677,1057.694,6442.0,0.56
HAT-P-35 b,HAT-P-35,1581.0,14.93,0.0498,334.979,6096.0,0.407
HAT-P-36 b,HAT-P-36,1823.0,14.168,0.0238,582.24,5560.0,0.013
HAT-P-36 b,HAT-P-36,1820.2,15.210613,0.02402,611.82275,5560.0,0.02243
HAT-P-37 b,HAT-P-37,1271.0,13.204,0.0379,371.528,5500.0,-0.208
HAT-P-38 b,HAT-P-38,1082.0,9.247,0.0523,84.857,5330.0,-0.208
HAT-P-39 b,HAT-P-39,1752.0,17.609,0.0509,190.372,6430.0,0.607
HAT-P-4 b,HAT-P-4,1686.0,14.28,0.04438,213.255,5860.0,0.431
HAT-P-40 b,HAT-P-40,1770.0,19.392,0.0608,195.457,6080.0,0.778
HAT-P-41 b,HAT-P-41,1941.0,18.887,0.0426,254.253,6390.0,0.628
HAT-P-42 b,HAT-P-42,1428.0,14.348,0.0575,331.801,5743.0,0.356
HAT-P-43 b,HAT-P-43,1361.0,14.359,0.0443,210.395,5645.0,0.045
HAT-P-44 b,HAT-P-44,1108.0,13.922,0.0507,111.871,5295.0,-0.194
HAT-P-45 b,HAT-P-45,1652.0,15.984,0.0452,283.492,6330.0,0.4
HAT-P-46 b,HAT-P-46,1458.0,14.392,0.0577,156.684,6120.0,0.391
HAT-P-49 b,HAT-P-49,2131.0,15.838,0.0438,549.823,6820.0,0.814
HAT-P-5 b,HAT-P-5,1539.0,14.056086,0.04071,336.8998,5960.0,0.1875
HAT-P-50 b,HAT-P-50,1862.0,14.437192,0.0453,429.0705,6280.0,0.60314
HAT-P-51 b,HAT-P-51,1168.2,13.50682174,0.05042,97.57332095,5453.0,-0.10237
HAT-P-51 b,HAT-P-51,1192.0,14.493237,0.05069,98.20947,5449.0,-0.06601
HAT-P-52 b,HAT-P-52,1218.0,11.309881,0.03694,259.98494,5131.0,-0.30452
HAT-P-53 b,HAT-P-53,1778.0,14.773462,0.03159,471.65972,5956.0,0.21748
HAT-P-54 b,HAT-P-54,818.0,10.581296,0.04117,241.5508,4390.0,-0.9017
HAT-P-55 b,HAT-P-55,1367.0,14.84069045,0.04628,189.42573057,5804.0,0.09656
HAT-P-57 b,HAT-P-57,2200.0,15.838317,0.0406,587.9855,7500.0,0.80618
HAT-P-58 b,HAT-P-58,1622.0,14.93036229,0.04994,118.2321674,6078.0,0.45637
HAT-P-59 b,HAT-P-59,1277.8,12.58768533,0.05064,489.45574678,5678.0,0.05385
HAT-P-6 b,HAT-P-6,1675.0,14.90797,0.05237,336.58197,6570.0,0.555
HAT-P-60 b,HAT-P-60,1772.0,18.28184752,0.06277,182.43350562,6212.0,0.80889
HAT-P-61 b,HAT-P-61,1505.0,10.07687365,0.0301,335.9446262,5587.0,-0.1152
HAT-P-62 b,HAT-P-62,1512.0,12.02723629,0.03772,241.86741773,5629.0,0.09061
HAT-P-63 b,HAT-P-63,1237.0,12.5428494,0.04294,195.1466419,5400.0,-0.1463
HAT-P-64 b,HAT-P-64,1766.0,19.08889413,0.05387,184.34047606,6457.0,0.66839
HAT-P-65 b,HAT-P-65,1818.0,18.05766791,0.04042,176.07693748,5872.0,0.47276
HAT-P-65 b,HAT-P-65,1930.0,21.18501,0.03951,167.49641,5835.0,0.55509
HAT-P-66 b,HAT-P-66,1896.0,17.82231,0.04363,248.86089,6002.0,0.6149
HAT-P-67 b,HAT-P-67,1903.0,23.370765,0.06505,108.0622,6406.0,0.93852
HAT-P-68 b,HAT-P-68,1027.8,12.016048,0.02996,230.10892,4508.0,-0.77911
HAT-P-69 b,HAT-P-69,1930.0,18.786284,0.06555,1137.8314,7394.0,1.0
HAT-P-7 b,HAT-P-7,2733.0,15.043,0.0377,564.442,6532.23,0.8142
HAT-P-70 b,HAT-P-70,2562.0,20.96083,0.04739,2154.8874,8450.0,1.22272
HAT-P-8 b,HAT-P-8,1700.0,16.81,0.0487,483.08,6200.0,0.519
HAT-P-9 b,HAT-P-9,1540.0,15.614137,0.05287,238.05467,6350.0,0.4183
HAT-P-9 b,HAT-P-9,1530.0,15.69,0.053,247.9,6350.0,0.41
HATS-1 b,HATS-1,1359.0,14.594,0.0444,589.55,5870.0,0.04139
HATS-10 b,HATS-10,1407.0,10.861521,0.04491,167.17858,5880.0,0.117
HATS-11 b,HATS-11,1637.0,16.92559,0.04614,270.1555,6060.0,0.40312
HATS-12 b,HATS-12,2097.0,15.13215,0.04795,756.4354,6408.0,0.86332
HATS-15 b,HATS-15,1505.0,12.385945,0.02712,689.6911,5311.0,-0.20412
HATS-16 b,HATS-16,1592.0,14.5717,0.03744,1039.3041,5738.0,0.17319
HATS-17 b,HATS-17,814.0,8.709393,0.1308,425.25654,5846.0,0.09342
HATS-18 b,HATS-18,2060.0,14.986433,0.01761,629.3034,5600.0,-0.03152
HATS-2 b,HATS-2,1577.0,13.092,0.023,427.463,5227.0,-0.268
HATS-22 b,HATS-22,858.0,10.682177,0.05025,870.8542,4803.0,-0.64589
HATS-23 b,HATS-23,1654.0,20.84874,0.03397,467.2101,5780.0,0.15534
HATS-24 b,HATS-24,2166.0,15.636555,0.0238,718.2958,6125.0,0.19
HATS-24 b,HATS-24,2067.0,16.667783,0.02547,775.5052,6346.0,0.29226
HATS-25 b,HATS-25,1277.0,14.12334,0.05163,194.82979,5715.0,0.06819
HATS-26 b,HATS-26,1918.0,19.61575,0.04735,206.5895,6071.0,0.70415
HATS-27 b,HATS-27,1659.0,16.8135,0.0611,168.4499,6438.0,0.66932
HATS-28 b,HATS-28,1253.0,13.383546,0.04131,213.58176,5498.0,-0.15739
HATS-29 b,HATS-29,1212.0,14.022459,0.05475,207.54299,5670.0,0.02938
HATS-3 b,HATS-3,1648.0,15.48,0.0485,340.382,6351.0,0.456
HATS-30 b,HATS-30,1414.0,13.170575,0.04354,224.38798,5943.0,0.09691
HATS-31 b,HATS-31,1823.0,18.38276,0.0478,279.6904,6050.0,0.61909
HATS-32 b,HATS-32,1437.0,14.000041,0.04024,292.4036,5700.0,0.0569
HATS-33 b,HATS-33,1429.0,13.78707,0.03727,378.85336,5659.0,-0.01773
HATS-34 b,HATS-34,1445.0,16.02887,0.03166,299.07803,5380.0,-0.14026
HATS-35 b,HATS-35,2037.0,16.409976,0.03199,388.38826,6300.0,0.46538
HATS-36 b,HATS-36,1356.0,13.843115,0.05425,1022.14128,6149.0,0.21484
HATS-37 A b,HATS-37 A,1085.0,6.792654,0.04913,31.46517,5326.0,-0.25571
HATS-38 b,HATS-38,1294.0,6.882326,0.05036,23.51942,5732.0,0.07151
HATS-39 b,HATS-39,1645.0,17.59813,0.06007,200.2329,6572.0,0.64048
HATS-4 b,HATS-4,1315.0,11.433,0.0362,420.471,5403.0,-0.187
HATS-40 b,HATS-40,2101.0,17.71022,0.04997,505.3497,6460.0,0.90309
HATS-41 b,HATS-41,1710.0,14.90797,0.0583,3082.951,6424.0,0.65321
HATS-42 b,HATS-42,1856.0,15.6926,0.03689,597.5204,6060.0,0.42488
HATS-43 b,HATS-43,1003.0,13.22662,0.04944,82.95363,5099.0,-0.39794
HATS-44 b,HATS-44,1161.0,11.960003,0.03649,177.9848,5080.0,-0.39794
HATS-45 b,HATS-45,1518.0,14.414774,0.05511,222.481,6450.0,0.42488
HATS-46 b,HATS-46,1054.0,10.121727,0.05367,54.98459,5495.0,-0.22988
HATS-47 b,HATS-47,852.9,12.520453,0.04269,117.27927,4512.0,-0.79615
HATS-48 A b,HATS-48 A,954.6,8.9672,0.03769,77.23269,4546.0,-0.70885
HATS-49 b,HATS-49,834.8,8.574885,0.04515,112.19399,4405.0,-0.78489
HATS-5 b,HATS-5,1025.0,10.223,0.0542,75.323,5304.0,-0.268
HATS-51 b,HATS-51,1553.0,15.80469,0.04639,244.09344,5758.0,0.30963
HATS-52 b,HATS-52,1834.0,15.490838,0.02498,711.9392,6010.0,0.06819
HATS-53 b,HATS-53,1312.0,15.02006,0.04753,189.10885,5644.0,0.04532
HATS-54 b,HATS-54,1429.0,11.37711541,0.037,239.32479047,5621.0,0.11461
HATS-54 b,HATS-54,1625.0,11.960003,0.03763,241.5508,5702.0,0.21245
HATS-55 b,HATS-55,1367.0,14.022459,0.05412,292.72143,6214.0,0.22891
HATS-56 b,HATS-56,1902.0,18.920792,0.06043,191.33366,6536.0,0.89763
HATS-57 b,HATS-57,1413.4,12.767051,0.03493,1000.21101,5587.0,-0.0942
HATS-58 A b,HATS-58 A,1721.0,12.273855,0.05798,327.3649,7175.0,0.68931
HATS-59 b,HATS-59,1128.0,12.621334,0.06112,256.17098,5670.0,-0.00436
HATS-60 b,HATS-60,1528.0,12.923977,0.04708,210.40346,5688.0,0.30016
HATS-61 b,HATS-61,1226.1,13.394755,0.07908,1080.622,5542.0,0.36922
HATS-62 b,HATS-62,1237.0,11.825495,0.04163,56.89157,5416.0,-0.17328
HATS-63 b,HATS-63,1398.3,13.529263,0.04026,305.1168,5627.0,0.01199
HATS-64 b,HATS-64,1793.0,18.819911,0.06562,305.1168,6554.0,0.86747
HATS-65 b,HATS-65,1634.0,16.824709,0.04497,260.93843,6277.0,0.37658
HATS-66 b,HATS-66,1998.0,15.815899,0.04714,1694.0339,6626.0,0.76716
HATS-67 b,HATS-67,2193.0,18.887165,0.03032,460.8535,6594.0,0.54654
HATS-68 b,HATS-68,1741.0,13.809488,0.05071,410.0007,6147.0,0.59218
HATS-69 b,HATS-69,1295.7,10.592505,0.03211,183.38791,5137.0,-0.31758
HATS-7 b,HATS-7,1084.0,6.310667,0.04012,38.1396,4985.0,-0.43415
HATS-70 b,HATS-70,2730.0,15.513256,0.03632,4100.007,7930.0,1.07918
HATS-71 b,HATS-71,586.8,11.478016,0.03745,117.5971,3405.0,-1.55988
HATS-72 b,HATS-72,739.3,8.0973816,0.066517,39.855882,4656.1,-0.65896
HATS-74 A b,HATS-74 A,895.1,11.56766808,0.02384,464.02947422,3776.9,-1.2161
HATS-75 b,HATS-75,772.3,9.90873894,0.032742,156.05374784,3790.4,-1.19661
HATS-76 b,HATS-76,939.8,12.09449018,0.02658,835.570882,4016.0,-1.0381
HATS-77 b,HATS-77,828.3,13.05846252,0.03607,436.69623122,4071.0,-0.99183
HATS-9 b,HATS-9,1823.0,11.937585,0.03048,266.02371,5366.0,0.23
HD 118203 b,HD 118203,1494.0,12.73340208,0.07071,688.41632956,5683.0,0.61805
HD 118203 b,HD 118203,1371.0,12.55405838,0.0701,693.50158407,5788.0,0.69984
HD 118203 b,HD 118203,1360.0,12.06086323,0.08635,725.28442477,5872.0,0.6458
HD 135344 A b,HD 135344 A,1585.0,16.25302201,16.5,3178.28407,9540.0,1.22
HD 135694 b,HD 135694,750.83,2.5320132,0.12,6.1,5698.0,0.03941
HD 136352 b,HD 136352,905.0,1.664,0.0964,4.72,5664.0,0.0162
HD 136352 b,HD 136352,911.0,1.482,0.0969,4.62,5850.0,0.03383
HD 136352 c,HD 136352,677.0,2.916,0.1721,11.24,5664.0,0.0162
HD 136352 c,HD 136352,682.0,2.608,0.1729,11.29,5850.0,0.03383
HD 136352 d,HD 136352,431.0,2.562,0.425,8.82,5664.0,0.0162
HD 1397 b,HD 1397,1228.3,11.500434,0.1097,131.89945,5521.0,0.65992
HD 1397 b,HD 1397,1519.0,11.466807,0.1003,116.64361,5474.0,0.63548
HD 149026 b,HD 149026,1634.0,7.330686,0.04313,114.10097,6160.0,0.38561
HD 15337 b,HD 15337,1006.0,1.699,0.05245,7.2,5131.0,-0.32606
HD 15337 c,HD 15337,656.1,2.522,0.1235,8.79,5131.0,-0.32606
HD 183579 b,HD 183579,769.0,3.55,0.1334,19.7,5788.0,0.012
HD 183579 b,HD 183579,752.0,3.49,0.1322,20.4,5784.0,-0.03386
HD 189733 b,HD 189733,1201.0,12.756,0.03099,363.582,5040.0,-0.48
HD 189733 b,HD 189733,1209.0,12.542871,0.03106,370.58978,5050.0,-0.46547
HD 191939 b,HD 191939,880.0,3.41,0.0804,10.0,5348.0,-0.18709
HD 191939 b,HD 191939,893.0,3.39,0.078,10.4,5348.0,-0.18709
HD 191939 b,HD 191939,818.69,3.39512346,0.079,9.6,5385.0,-0.17783
HD 191939 c,HD 191939,605.0,3.08,0.17,7.2,5348.0,-0.18709
HD 191939 c,HD 191939,600.0,3.195,0.1752,8.0,5348.0,-0.18709
HD 191939 c,HD 191939,554.51,3.1823776,0.171,6.1,5385.0,-0.17783
HD 191939 d,HD 191939,502.73,3.1168896,0.209,2.2,5385.0,-0.17783
HD 191939 d,HD 191939,540.0,2.995,0.2132,2.8,5348.0,-0.18709
HD 191939 d,HD 191939,549.0,3.04,0.207,5.8,5348.0,-0.18709
HD 202772 A b,HD 202772 A,2132.0,17.317905,0.05208,323.23311,6272.0,0.97128
HD 20329 b,HD 20329,2141.0,1.72,0.018,7.42,5596.0,0.04922
HD 207897 b,HD 207897,581.75,2.34302132,0.117,14.8,5106.0,-0.42136
HD 207897 b,HD 207897,632.2,2.501,0.1163,14.4,5070.0,-0.4437
HD 209458 b,HD 209458,1449.0,15.233,0.04707,217.704,6065.0,0.21
HD 213885 b,HD 213885,2128.0,1.745,0.02012,8.83,5978.0,0.13862
HD 21520 b,HD 21520,637.0,2.697,0.1726,17.7,5871.0,0.06595
HD 21749 c,GJ 143,701.0,0.892,0.0695,3.7,4640.0,-0.6862
HD 219134 b,HD 219134,1015.0,1.602,0.03876,4.74,4699.0,-0.57741
HD 219134 c,HD 219134,782.0,1.511,0.0653,4.36,4699.0,-0.57741
HD 219134 d,HD 219134,410.5,1.61,0.237,16.17,4699.0,-0.57741
HD 219134 f,HD 219134,522.6,1.31,0.1463,7.3,4699.0,-0.57741
HD 224018 b,HD 224018,968.0,0.91,0.0952,4.1,5784.0,0.12385
HD 224018 c,HD 224018,641.0,2.42,0.217,10.4,5784.0,0.12385
HD 224018 d,HD 224018,411.0,2.4,0.53,4.2,5784.0,0.12385
HD 23472 b,HD 23472,543.0,2.0,0.1162,8.32,4684.0,-0.62525
HD 23472 c,HD 23472,467.0,1.87,0.1646,3.41,4684.0,-0.62525
HD 23472 d,HD 23472,909.0,0.75,0.04298,0.55,4684.0,-0.62525
HD 23472 e,HD 23472,723.0,0.818,0.068,0.72,4684.0,-0.62525
HD 23472 f,HD 23472,630.0,1.137,0.0906,0.77,4684.0,-0.62525
HD 235088 b,HD 235088,753.95,2.07506422,0.071,4.2,5087.0,-0.41229
HD 25463 b,HD 25463,1198.46,2.54535814,0.076,8.7,6353.0,0.47276
HD 25463 c,HD 25463,1585.57,1.36354953,0.0443,4.3,6353.0,0.47276
HD 260655 b,HD 260655,709.0,1.24,0.02933,2.14,3803.0,-1.43997
HD 260655 c,HD 260655,557.0,1.533,0.04749,3.09,3803.0,-1.43997
HD 2685 b,HD 2685,2061.0,16.14096,0.0568,371.8611,6801.0,0.66839
HD 3167 b,HD 3167,1777.0,1.627,0.01802,4.73,5300.0,-0.27003
HD 3167 c,HD 3167,565.0,2.923,0.1783,10.67,5300.0,-0.27003
HD 332231 b,HD 332231,876.0,9.718203,0.1436,77.55052,6089.0,0.30535
HD 332231 b,HD 332231,798.3,9.07303305,0.145,74.1,6128.0,0.30792
HD 35843 c,HD 35843,479.0,2.54,0.25,11.32,5666.0,-0.12494
HD 42813 b,HD 42813,777.0,3.48,0.107,9.6,5289.0,-0.1549
HD 42813 b,HD 42813,703.39,3.42633318,0.11,5.9,5323.0,-0.15366
HD 5278 b,HD 5278,943.0,2.45,0.1202,7.8,6203.0,0.28035
HD 6061 b,HD 6061,1075.31,2.42763557,0.06,10.0,5934.0,0.05538
HD 63433 b,HD 63433,886.44,2.16351593,0.072,37.3,5634.0,-0.11748
HD 63433 c,HD 63433,622.31,2.58229101,0.146,17.2,5634.0,-0.11748
HD 63935 b,HD 63935,825.22,2.91575244,0.083,10.5,5513.0,-0.11464
HD 63935 c,HD 63935,619.59,3.06451296,0.148,11.1,5513.0,-0.11464
HD 73583 b,HD 73583,742.7,2.84,0.05995,15.9,4582.0,-0.74425
HD 73583 c,HD 73583,517.8,2.73,0.1233,22.5,4582.0,-0.74425
HD 77946 b,HD 77946,1128.86,2.89646124,0.073,10.9,6007.0,0.30878
HD 86226 c,HD 86226,1311.0,2.16,0.049,7.25,5863.0,0.07188
HD 89345 b,HD 89345,1089.0,7.39794,0.1066,34.9613,5576.0,0.42488
HD 89345 b,HD 89345,1068.0,7.263432,0.1115,38.45743,5622.0,0.43297
HD 89345 b,HD 89345,1053.0,6.86,0.105,35.7,5499.0,0.35603
HD 93963 A b,HD 93963 A,2042.0,1.35,0.02085,7.8,5987.0,0.0983
HD 93963 A b,HD 93963 A,1842.23,1.46954368,0.02061,2.8,5908.0,0.06781
HD 93963 A c,HD 93963 A,1212.45,3.11976057,0.04726,18.4,5908.0,0.06781
HD 93963 A c,HD 93963 A,1344.0,3.228,0.04813,19.2,5987.0,0.0983
HD 95338 b,HD 95338,385.0,3.89,0.262,42.44,5212.0,-0.3098
HD 97658 b,HD 97658,757.0,2.247,0.08,7.55,5170.0,-0.45
HIP 116454 b,HIP 116454,753.2,2.469,0.0792,9.7,5048.0,-0.47314
HIP 29442 c,HD 42813,1217.0,1.58,0.0436,4.5,5289.0,-0.1549
HIP 29442 d,HD 42813,998.0,1.37,0.0649,5.1,5289.0,-0.1549
HIP 65 A b,HIP 65 A,1411.0,22.75427,0.01782,1021.18779,4590.0,-0.67799
HIP 8152 b,HIP 8152,794.96,2.53625843,0.093,8.9,5618.0,-0.0804
HIP 8152 c,HIP 8152,650.68,2.52442508,0.139,10.7,5618.0,-0.0804
HIP 9618 b,HIP 9618,640.88,3.82838127,0.145,8.3,5649.0,-0.0716
HIP 9618 c,HIP 9618,470.31,3.42855926,0.269,7.0,5649.0,-0.0716
HIP 97166 b,HIP 97166,701.66,2.4801338,0.091,19.1,5216.0,-0.32514
HR 858 b,HR 858,1552.0,2.004,0.04888,3.55,6354.0,0.36361
HR 858 c,HR 858,1309.0,1.979,0.0687,3.8,6354.0,0.36361
HR 858 d,HR 858,1061.0,2.001,0.1046,7.1,6354.0,0.36361
K2-111 b,K2-111,1309.0,1.9,0.0621,8.6,5730.0,0.27875
K2-113 b,K2-113,1178.0,10.42437,0.0558,410.0007,5627.0,0.0086
K2-114 b,K2-114,701.0,10.44677001,0.0943,638.83509807,4920.0,-0.44491
K2-114 b,K2-114,701.4,10.59248676,0.0944,638.83509807,4899.0,-0.4437
K2-115 b,K2-115,696.0,11.80305668,0.1415,321.00669107,5870.0,-0.10791
K2-132 b,K2-132,1586.0,12.206601,0.0916,157.32585,4878.0,0.94349
K2-136 b,K2-136,610.0,1.014,0.0707,4.3,4500.0,-0.7765
K2-136 c,K2-136,470.0,3.0,0.1185,18.1,4500.0,-0.7765
K2-136 d,K2-136,420.0,1.565,0.1538,3.0,4500.0,-0.7765
K2-140 b,K2-140,1114.0,12.273855,0.0591,323.86877,5654.0,-0.04915
K2-18 b,K2-18,254.9,2.61,0.1591,8.63,3457.0,-1.59688
K2-180 b,K2-180,797.5,2.46597575,0.0756,11.41003981,5365.0,-0.41341
K2-182 b,K2-182,965.8,2.71257333,0.05174,20.97667486,5128.0,-0.41117
K2-182 b,K2-182,969.0,2.69,0.0526,20.0,5170.0,-0.40782
K2-199 b,K2-199,913.0,1.73,0.0382,6.9,4491.0,-0.73283
K2-199 c,K2-199,694.0,2.85,0.0662,12.4,4491.0,-0.73283
K2-216 b,K2-216,1103.0,1.75,0.028,8.0,4503.0,-0.72125
K2-232 b,K2-232,1001.0,11.859122,0.0991,123.00021,5888.0,0.21643
K2-232 b,K2-232,1030.0,11.209,0.10356,126.49634,6154.0,0.23805
K2-237 b,K2-237,1828.0,16.19697711,0.03558,433.20011874,6360.0,0.37107
K2-237 b,K2-237,1759.0,16.06246934,0.03552,434.15360396,6180.0,0.3032
K2-24 b,K2-24,767.0,5.68,0.154,21.0,5743.0,0.15836
K2-24 c,K2-24,606.0,7.82,0.247,27.0,5743.0,0.15836
K2-25 b,K2-25,494.0,3.44,0.0287,24.5,3207.0,-2.08831
K2-260 b,K2-260,2090.0,18.41635529,0.04392,546.66486004,6860.0,0.78817
K2-261 b,K2-261,1036.0,9.26982704,0.1086,68.96876432,5490.0,0.35392
K2-261 b,K2-261,1046.0,9.52763359,0.1034,59.75174052,5445.0,0.32838
K2-261 b,K2-261,1030.0,9.50521563,0.1087,67.69745069,5503.0,0.34635
K2-263 b,K2-263,470.0,2.41,0.2573,14.8,5368.0,-0.25964
K2-265 b,K2-265,1366.0,1.70824866,0.03359,7.3418362,5420.0,-0.18243
K2-266 d,K2-266,538.3,2.93,0.1035,8.9,4285.0,-0.82333
K2-266 e,K2-266,490.1,2.73,0.1249,14.3,4285.0,-0.82333
K2-29 b,K2-29,1076.0,11.209,0.04097,194.82979,5222.0,-0.42713
K2-3 b,K2-3,501.3,2.078,0.0747,5.11,3844.0,-1.23136
K2-3 c,K2-3,371.8,1.582,0.1357,2.68,3844.0,-1.23136
K2-3 d,K2-3,305.2,1.458,0.2014,2.2,3844.0,-1.23136
K2-30 b,K2-30,1203.0,11.982421,0.0419,187.20187,5575.0,-0.27003
K2-30 b,K2-30,1185.0,13.405964,0.04986,198.00809,5581.0,-0.112
K2-30 b,K2-30,1092.0,11.646151,0.04839,184.02357,5425.0,-0.25649
K2-329 b,K2-329,650.0,8.675766,0.1016,82.6358,5282.0,-0.32514
K2-33 b,K2-33,850.0,5.76,0.0409,1144.188,3410.0,-0.83
K2-34 b,K2-34,1715.0,15.434793,0.0465,539.67534,6149.0,0.4843
K2-34 b,K2-34,1742.0,15.13215,0.04419,559.3808,6132.0,0.471
K2-36 b,K2-36,1224.0,1.43,0.0223,3.9,4916.0,-0.57
K2-36 c,K2-36,788.0,3.2,0.054,7.8,4916.0,-0.57
K2-38 b,K2-38,1266.0,1.54,0.04994,7.3,5731.0,0.03743
K2-38 c,K2-38,916.0,2.29,0.09514,8.3,5731.0,0.03743
K2-415 b,K2-415,412.4,1.015,0.027,7.5,3173.0,-2.45469
K2-416 b,K2-416,447.0,2.66,0.088,1652.7077164,3746.0,-1.27003
K2-417 b,K2-417,558.0,3.31,0.063,699.2224954,3861.0,-1.20204
K2-419 A b,K2-419 A,377.0,10.55,0.1208,196.0,3711.0,-1.27654
K2-97 b,K2-97,1566.0,13.45077684,0.0854,174.48779544,4673.0,0.86688
K2-98 b,K2-98,1185.0,5.06645928,0.0986,34.00763955,6260.0,0.50379
K2-99 b,K2-99,1184.0,11.88151954,0.153,276.51071409,6069.0,0.89927
KELT-10 b,KELT-10,1377.0,15.681391,0.0525,215.80657,5948.0,0.21748
KELT-11 b,KELT-11,1712.0,15.35633,0.06229,61.97685,5370.0,0.74429
KELT-12 b,KELT-12,1800.0,19.95202,0.06708,301.9385,6279.0,0.89209
KELT-14 b,KELT-14,1904.0,17.03768,0.02956,380.12468,5802.0,0.27875
KELT-15 b,KELT-15,1642.0,16.174587,0.04613,289.2253,6003.0,0.41162
KELT-16 b,KELT-16,2453.0,15.860735,0.02044,874.0325,6236.0,0.4014
KELT-17 b,KELT-17,2087.0,17.093725,0.04881,416.3573,7454.0,0.87564
KELT-18 b,KELT-18,2085.0,17.59813,0.0455,375.0394,6670.0,0.81291
KELT-19 A b,KELT-19 A,1935.0,21.40919,0.0637,1293.5681,7500.0,0.97772
KELT-20 b,KELT-20,2262.0,19.514869,0.0542,1074.90106,8720.0,1.1038
KELT-21 b,KELT-21,2051.0,17.777474,0.05224,1242.7153,7598.0,0.90472
KELT-23 A b,KELT-23 A,1561.0,14.829507,0.03302,298.12454,5899.0,0.03383
KELT-24 b,KELT-24,1459.0,14.257848,0.06969,1646.3594,6509.0,0.56467
KELT-24 b,KELT-24,1391.0,12.71098411,0.0665,1458.83238813,6426.0,0.43933
KELT-3 b,KELT-3,1816.0,15.076,0.04122,469.415,6306.0,0.489
KELT-4 A b,KELT-4 A,1823.0,19.044091,0.04317,286.68266,6206.0,0.53529
KELT-6 b,KELT-6,1313.0,13.372,0.07939,136.661,6102.0,0.493
KELT-7 b,KELT-7,2048.0,17.183397,0.04415,406.8224,6789.0,0.758
KELT-9 b,KELT-9,4050.0,21.196219,0.03462,915.3504,10170.0,1.72428
KOI-134 b,KOI-134,659.0,12.03844527,0.363,346.43296363,6160.0,0.62325
KOI-94 b,KOI-94,1486.0,1.71,0.05119,10.5,6182.0,0.479
KOI-94 c,KOI-94,1012.0,4.32,0.1013,15.6,6182.0,0.479
KOI-94 d,KOI-94,806.0,11.27,0.1684,106.0,6182.0,0.479
KOI-94 e,KOI-94,584.0,6.56,0.3046,35.0,6182.0,0.479
Kepler-10 b,Kepler-10,1833.0,1.416,0.01684,4.56,5627.0,0.002
Kepler-10 c,Kepler-10,485.0,2.227,0.2407,20.0,5627.0,0.00173
Kepler-111 c,Kepler-111,352.2,7.0840758,0.751,222.4798849,5914.0,0.15836
Kepler-138 b,Kepler-138,452.0,0.64,0.0753,0.07,3841.0,-1.25181
Kepler-138 c,Kepler-138,410.0,1.51,0.0913,2.3,3841.0,-1.25181
Kepler-138 d,Kepler-138,345.0,1.51,0.1288,2.1,3841.0,-1.25181
Kepler-1514 b,Kepler-1514,387.9,12.419572,0.753,1678.1424,6145.0,0.32838
Kepler-1654 b,Kepler-1654,206.0,9.180171,2.026,158.915,5597.0,0.08991
Kepler-167 e,Kepler-167,134.4,10.16,1.883,321.00669107,4884.0,-0.5391
Kepler-17 b,Kepler-17,1570.0,14.68,0.02591,778.65,5781.0,0.01164
Kepler-1704 b,Kepler-1704,253.8,11.94877343,2.027,1322.16617312,5746.0,0.45179
Kepler-20 b,Kepler-20,1014.0,1.91,0.04537,8.7,5455.0,-0.14874
Kepler-20 c,Kepler-20,713.0,3.07,0.093,16.1,5455.0,-0.14874
Kepler-20 d,Kepler-20,369.0,2.75,0.3453,20.1,5455.0,-0.14874
Kepler-21 b,Kepler-21,2025.0,1.639,0.0427172,5.08,6305.0,0.715
Kepler-22 b,Kepler-22,262.0,2.38,0.849,36.0,5518.0,-0.102
Kepler-278 b,Kepler-278,586.0,3.955,0.202,56.0,4965.0,0.64933
Kepler-278 c,Kepler-278,492.0,3.268,0.287,34.9,4965.0,0.64933
Kepler-36 b,Kepler-36,978.0,1.486,0.1153,4.45,5911.0,0.462
Kepler-36 c,Kepler-36,928.0,3.679,0.1283,8.08,5911.0,0.462
Kepler-391 b,Kepler-391,930.0,2.5,0.083,1100.0,5038.0,0.66276
Kepler-391 c,Kepler-391,662.0,2.88,0.164,450.0,5038.0,0.66276
Kepler-4 b,Kepler-4,1650.0,4.002,0.0456,24.472,5857.0,0.354
Kepler-425 b,Kepler-425,1070.0,10.962,0.0464,79.45,5170.0,-0.323
Kepler-426 b,Kepler-426,1300.0,12.22,0.0414,108.06,5725.0,-0.089
Kepler-427 b,Kepler-427,1100.0,13.79,0.091,92.17,5800.0,0.29
Kepler-428 b,Kepler-428,1070.0,12.11,0.0433,403.63,5150.0,-0.39
Kepler-433 b,Kepler-433,1776.0,16.25,0.0679,896.24,6360.0,0.88
Kepler-434 b,Kepler-434,1000.0,12.67,0.1143,908.96,5977.0,0.33
Kepler-435 b,Kepler-435,1729.0,22.31,0.0948,266.97,6161.0,1.129
Kepler-46 b,Kepler-46,543.0,9.057,0.1968,1907.0,5155.0,-0.255
Kepler-5 b,Kepler-5,1868.0,16.04,0.05064,671.864,6297.0,0.669
Kepler-553 b,Kepler-553,1089.0,4.74139884,0.04766,116.00736855,5191.0,-0.27084
Kepler-553 c,Kepler-553,251.0,11.57887706,0.898,2129.4503269,5191.0,-0.27084
Kepler-6 b,Kepler-6,1500.0,14.83,0.04567,212.619,5647.0,0.299
Kepler-62 b,Kepler-62,750.0,1.31,0.0553,9.0,4925.0,-0.678
Kepler-62 c,Kepler-62,578.0,0.54,0.0929,4.0,4925.0,-0.678
Kepler-62 d,Kepler-62,510.0,1.95,0.12,14.0,4925.0,-0.678
Kepler-62 e,Kepler-62,270.0,1.61,0.427,36.0,4925.0,-0.678
Kepler-62 f,Kepler-62,208.0,1.41,0.718,35.0,4925.0,-0.678
Kepler-68 b,Kepler-68,1280.0,2.31,0.0617,8.3,5793.0,0.194
Kepler-7 b,Kepler-7,1540.0,16.567,0.06224,137.615,5933.0,0.618
Kepler-8 b,Kepler-8,1764.0,15.906,0.0483,191.643,6213.0,0.605
Kepler-849 b,Kepler-849,362.7,8.08167508,1.137,298.75870258,5950.0,0.57287
Kepler-93 b,Kepler-93,1037.0,1.478,0.053,4.02,5655.0,-0.10565
L 168-9 b,L 168-9,965.0,1.39,0.02091,4.6,3800.0,-1.17198
L 168-9 b,L 168-9,998.0,1.63,0.0208,4.07,3842.0,-1.14086
L 98-59 b,L 98-59,620.0,0.837,0.0223,0.46,3415.0,-1.91364
L 98-59 b,L 98-59,627.0,0.85,0.02191,0.4,3415.0,-1.94769
L 98-59 c,L 98-59,553.0,1.385,0.0304,2.22,3415.0,-1.94769
L 98-59 c,L 98-59,526.0,1.329,0.0309,2.0,3415.0,-1.91364
L 98-59 d,L 98-59,416.0,1.521,0.0486,1.94,3415.0,-1.94769
L 98-59 d,L 98-59,416.0,1.627,0.0494,1.64,3415.0,-1.91364
LHS 1140 b,LHS 1140,230.0,1.43,0.0875,6.65,3131.0,-2.52564
LHS 1140 b,LHS 1140,226.0,1.73,0.0946,5.6,3096.0,-2.42022
LHS 1140 b,LHS 1140,378.9,1.635,0.0957,6.38,2988.0,-2.48812
LHS 1140 b,LHS 1140,235.0,1.727,0.0936,6.98,3216.0,-2.35556
LHS 1140 c,LHS 1140,708.9,1.169,0.02734,1.76,2988.0,-2.48812
LHS 1140 c,LHS 1140,422.0,1.272,0.027,1.91,3096.0,-2.42022
LHS 1140 c,LHS 1140,438.0,1.282,0.02675,1.81,3216.0,-2.35556
LHS 1478 b,LHS 1478,595.0,1.242,0.01848,2.33,3381.0,-2.14569
LHS 1815 b,LHS 1815,617.0,1.088,0.0404,8.7,3643.0,-1.38722
LP 714-47 b,LP 714-47,700.0,4.7,0.0417,30.8,3950.0,-1.12494
LP 791-18 c,LP 791-18,324.4,2.438,0.02961,7.1,2960.0,-2.63827
LP 791-18 d,LP 791-18,395.5,1.032,0.01992,0.9,2960.0,-2.63827
LP 890-9 b,LP 890-9,396.0,1.32,0.01875,13.2,2850.0,-2.84134
LP 890-9 c,LP 890-9,272.0,1.367,0.03984,25.3,2850.0,-2.84134
LTT 3780 b,LTT 3780,1000.0,1.35,0.01203,2.34,3360.0,-1.77728
LTT 3780 b,LTT 3780,903.0,1.325,0.01195,2.46,3358.0,-1.78252
LTT 3780 c,LTT 3780,359.0,2.39,0.0757,8.04,3358.0,-1.78252
LTT 3780 c,LTT 3780,397.0,2.42,0.0762,6.29,3360.0,-1.77728
LTT 9779 b,LTT 9779,1978.0,4.72,0.01679,29.32,5443.0,-0.16749
MASCARA-1 b,MASCARA-1,2570.0,16.8135,0.043,1175.971,7554.0,1.17551
MASCARA-4 b,MASCARA-4,2100.0,17.14977,0.047,985.273,7800.0,1.08743
NGTS-13 b,NGTS-13,1605.0,12.800678,0.0549,1538.2972,5819.0,0.5172
NGTS-23 b,NGTS-23,1327.0,14.20177855,0.0504,194.82881349,6057.0,0.2833
NGTS-24 b,NGTS-24,1499.0,13.60770257,0.0479,165.27077164,5820.0,0.44592
NGTS-25 b,NGTS-25,1101.0,11.46678726,0.0388,203.09235207,5321.0,-0.29158
NGTS-26 b,NGTS-26,1331.0,14.88552637,0.049,92.80589484,5550.0,0.10106
NGTS-27 b,NGTS-27,1783.0,15.64773706,0.0446,188.47224535,5700.0,0.51375
NGTS-33 b,NGTS-33,1991.0,18.38272835,0.048,1153.71711741,7437.0,0.77159
NGTS-6 b,NGTS-6,1283.9,14.863134,0.01677,425.57437,4730.0,-0.59176
OGLE-TR-132 b,OGLE-TR-132,2013.0,13.45,0.03035,375.02,6210.0,0.371
OGLE-TR-56 b,OGLE-TR-56,2212.0,15.278,0.02383,441.77,6050.0,0.35
PDS 70 b,PDS 70,1200.0,14.5717,22.0,2542.64,3972.0,-0.45593
PH2 b,PH2,295.1,9.33708092,0.833,87.08498352,5734.0,-0.05849
Qatar-1 b,Qatar-1,1418.0,12.811887,0.02332,411.27202,5013.0,-0.43771
Qatar-10 b,Qatar-10,1955.0,17.295487,0.0286,233.92288,6124.0,0.29951
Qatar-3 b,Qatar-3,1681.0,12.285064,0.03783,1369.8473,6007.0,0.27875
Qatar-4 b,Qatar-4,1385.0,12.722215,0.02803,1938.763,5215.0,-0.31785
Qatar-5 b,Qatar-5,1415.0,12.408363,0.04127,1373.0256,5747.0,0.05614
Qatar-6 b,Qatar-6,1006.0,11.903958,0.0423,212.31044,5052.0,-0.51428
Qatar-7 b,Qatar-7,2053.0,19.0553,0.0352,597.5204,6387.0,0.56348
Qatar-8 b,Qatar-8,1457.0,14.403565,0.0474,117.91493,5738.0,0.22789
Qatar-9 b,Qatar-9,1134.0,11.309881,0.0234,378.2177,4309.0,-0.82102
Ross 176 b,Ross 176,682.0,1.84,0.0464,4.57,4041.0,-1.10891
TIC 139270665 b,TIC 139270665,703.0,7.22979255,0.163,147.15455244,5844.0,0.03222
TIC 237913194 b,TIC 237913194,974.0,12.520453,0.1207,617.22586,5788.0,0.07773
TIC 393818343 b,TIC 393818343,805.5,12.18416202,0.1291,1379.37528638,5756.0,0.06744
TIC 46432937 b,TIC 46432937,872.0,13.31626907,0.02065,1017.0509024,3572.0,-1.3851
TIC 4672985 b,TIC 4672985,517.2,11.5004142,0.33,4049.13390518,5757.0,0.11394
TOI-1064 b,TOI-1064,784.0,2.587,0.06152,13.5,4734.0,-0.62342
TOI-1064 c,TOI-1064,634.0,2.651,0.09429,2.5,4734.0,-0.62342
TOI-1107 b,TOI-1107,1728.0,14.57167491,0.0561,1064.72516345,6311.0,0.67117
TOI-1117 b,TOI-1117,1538.0,2.46,0.033,8.9,5635.0,-0.4437
TOI-1130 c,TOI-1130,637.0,16.8135,0.07098,309.56642,4250.0,-0.85387
TOI-1135 b,TOI-1135,1198.9,9.02,0.082,51.42,6122.0,0.23096
TOI-1136 b,TOI-1136,1216.0,1.9,0.0514,31.0,5805.0,-0.02687
TOI-1136 c,TOI-1136,965.39,2.76948277,0.067,7.6,5805.0,-0.02687
TOI-1136 d,TOI-1136,766.21,4.62115423,0.107,12.3,5805.0,-0.02687
TOI-1136 e,TOI-1136,669.11,2.5456702,0.14,24.0,5805.0,-0.02687
TOI-1136 f,TOI-1136,598.11,3.73591482,0.175,32.0,5805.0,-0.02687
TOI-1136 g,TOI-1136,574.0,2.53,0.23,12.2,5805.0,-0.02687
TOI-1173 b,TOI-1173,868.95,9.01941098,0.071,28.3,5415.0,-0.16877
TOI-1174 b,TOI-1174,713.83,2.5064654,0.08,32.0,5158.0,-0.4034
TOI-1180 b,TOI-1180,638.18,3.03617429,0.082,10.0,4804.0,-0.57675
TOI-1181 b,TOI-1181,1942.12,16.1966394,0.0364,377.0,6046.0,0.65312
TOI-1184 b,TOI-1184,715.47,2.40974309,0.056,6.8,4617.0,-0.70115
TOI-1194 b,TOI-1194,1391.0,8.5972882,0.03428,144.92975359,5446.0,-0.13549
TOI-1194 b,TOI-1194,1264.29,8.71664516,0.034,120.0,5394.0,-0.1512
TOI-1199 b,TOI-1199,1486.0,10.5140239,0.04988,75.96098927,5710.0,0.30428
TOI-1201 b,TOI-1201,703.0,2.415,0.0287,6.28,3476.0,-1.46852
TOI-1231 b,TOI-1231,329.6,3.65,0.1288,15.4,3553.0,-1.48678
TOI-1235 b,TOI-1235,754.0,1.738,0.03845,6.91,3872.0,-1.09691
TOI-1235 b,TOI-1235,775.0,1.694,0.03826,5.9,3997.0,-1.05404
TOI-1238 b,TOI-1238,1133.0,1.21,0.0139,3.76,4089.0,-1.08249
TOI-1238 c,TOI-1238,695.0,2.11,0.037,8.32,4089.0,-1.08249
TOI-1244 b,TOI-1244,714.86,2.37611439,0.061,6.6,4722.0,-0.62893
TOI-1246 c,TOI-1246,862.49,2.45109846,0.061,9.1,5213.0,-0.30103
TOI-1246 d,TOI-1246,587.77,3.43139739,0.132,5.4,5213.0,-0.30103
TOI-1246 e,TOI-1246,463.98,3.5141875,0.212,14.5,5213.0,-0.30103
TOI-1248 b,TOI-1248,952.09,6.8084859,0.051,27.4,5205.0,-0.30016
TOI-1249 b,TOI-1249,726.89,3.2710301,0.109,11.9,5497.0,-0.10127
TOI-125 b,TOI-125,1037.0,2.726,0.05186,9.5,5320.0,-0.28483
TOI-125 c,TOI-125,827.8,2.759,0.0814,6.63,5320.0,-0.28483
TOI-125 d,TOI-125,638.1,2.93,0.137,13.6,5320.0,-0.28483
TOI-1260 b,TOI-1260,871.0,2.41,0.0367,8.56,4227.0,-0.88941
TOI-1260 b,TOI-1260,860.0,2.34,0.0366,8.6,4227.0,-0.85699
TOI-1260 c,TOI-1260,643.0,2.82,0.0656,11.8,4227.0,-0.85699
TOI-1260 c,TOI-1260,651.0,2.76,0.0657,13.2,4227.0,-0.88941
TOI-1260 d,TOI-1260,499.0,3.12,0.1116,11.84,4227.0,-0.88941
TOI-1266 b,TOI-1266,410.0,2.458,0.0745,15.9,3573.0,-1.58021
TOI-1266 b,TOI-1266,415.0,2.52,0.073,4.46,3563.0,-1.58021
TOI-1266 b,TOI-1266,425.0,2.62,0.0728,4.23,3618.0,-1.5376
TOI-1266 c,TOI-1266,346.0,1.98,0.105,3.17,3563.0,-1.58021
TOI-1266 c,TOI-1266,354.0,2.13,0.1047,2.88,3618.0,-1.5376
TOI-1266 c,TOI-1266,347.1,1.673,0.1037,6.4,3573.0,-1.58021
TOI-1269 b,TOI-1269,1004.9,2.40144286,0.0496,6.4,5499.0,-0.21968
TOI-1272 b,TOI-1272,975.0,4.13204907,0.0417,27.0,5065.0,-0.42597
TOI-1273 b,TOI-1273,1211.0,11.09689089,0.0549,70.55790635,5690.0,0.02938
TOI-1279 b,TOI-1279,759.0,2.66146528,0.085,10.6,5457.0,-0.24336
TOI-1288 b,TOI-1288,1203.44,4.96846551,0.0374,44.1,5388.0,-0.1549
TOI-1294 b,TOI-1294,1392.74,10.12369881,0.051,63.9,5718.0,0.36847
TOI-1295 b,TOI-1295,2360.0,15.69257298,0.047,451.31633794,6280.0,0.58659
TOI-1296 b,TOI-1296,1562.0,13.79825524,0.0497,94.71286529,5603.0,0.39005
TOI-1296 b,TOI-1296,1414.84,14.11645916,0.051,95.3,5567.0,0.40157
TOI-1298 b,TOI-1298,1278.0,9.65807033,0.057,99.0,5752.0,0.32056
TOI-1298 b,TOI-1298,1388.0,9.42675277,0.059,113.14691289,5889.0,0.33365
TOI-132 b,TOI-132,1395.0,3.42,0.026,22.4,5397.0,-0.22185
TOI-1333 b,TOI-1333,1679.0,15.647764,0.0626,753.2571,6274.0,0.71349
TOI-1347 b,TOI-1347,1698.5,1.81434694,0.0171,12.2,5493.0,-0.23582
TOI-1347 c,TOI-1347,950.08,1.67761121,0.0546,9.0,5493.0,-0.23582
TOI-1386 b,TOI-1386,615.03,6.2163865,0.173,45.8,5735.0,0.0103
TOI-1386 b,TOI-1386,676.4,6.05284958,0.1732,47.03860424,5793.0,0.01662
TOI-1410.01,TOI-1410,1236.7,3.10083009,0.0207,12.5,4635.0,-0.6216
TOI-1411 b,TOI-1411,976.4,1.19880592,0.02122,2.0,4115.0,-1.01323
TOI-1420 b,TOI-1420,957.0,11.89,0.071,25.1,5510.0,-0.15181
TOI-1422 b,TOI-1422,789.51,3.93681551,0.108,12.1,5811.0,0.03302
TOI-1422 b,TOI-1422,867.0,3.96,0.108,9.0,5840.0,0.04766
TOI-1431 b,TOI-1431,2370.0,16.70138124,0.046,991.62462984,7690.0,1.06819
TOI-1437 b,TOI-1437,794.23,2.43471042,0.139,10.4,5986.0,0.26435
TOI-1438 b,TOI-1438,971.0,3.04,0.0553,9.4,5230.0,-0.34679
TOI-1438 c,TOI-1438,794.0,2.75,0.083,10.6,5230.0,-0.34679
TOI-1439 b,TOI-1439,748.4,4.2427861,0.192,38.5,5841.0,0.44091
TOI-1443 b,TOI-1443,520.66,2.30381001,0.147,30.0,5224.0,-0.42022
TOI-1444 b,TOI-1444,2130.02,1.41792246,0.0116,3.58,5460.0,-0.17587
TOI-1448 b,TOI-1448,426.0,2.749,0.0567,19.5,3412.0,-1.75498
TOI-1451 b,TOI-1451,723.33,2.61143902,0.127,15.2,5801.0,0.02449
TOI-1452 b,TOI-1452,326.0,1.672,0.061,4.82,3185.0,-2.1549
TOI-1467 b,TOI-1467,506.07,1.6759955,0.0495,9.0,3776.0,-1.42022
TOI-1468 b,TOI-1468,683.5,1.401,0.02107,3.04,3376.0,-1.7921
TOI-1468 c,TOI-1468,338.1,2.126,0.08608,4.1,3376.0,-1.7921
TOI-1470 b,TOI-1470,734.0,2.18,0.0285,7.32,3709.0,-1.42481
TOI-1470 c,TOI-1470,373.0,2.47,0.106,7.24,3709.0,-1.42481
TOI-1472 b,TOI-1472,811.14,4.15964583,0.065,16.5,5133.0,-0.35556
TOI-1478 b,TOI-1478,918.0,11.88154,0.0903,270.47333,5597.0,-0.01278
TOI-150.01,TOI-150,1404.5,14.067295,0.07037,797.7533,6255.0,0.49651
TOI-157 b,TOI-157,1588.0,14.414774,0.03138,375.0394,5404.0,0.01995
TOI-1601 b,TOI-1601,1493.97,14.19902343,0.069,387.0,5982.0,0.74772
TOI-1601 b,TOI-1601,1619.0,13.887951,0.06864,314.6517,5948.0,0.73239
TOI-163 b,TOI-163,1669.0,16.690201,0.058,387.7526,6495.0,0.63649
TOI-1634 b,TOI-1634,920.0,1.749,0.0149,10.14,3472.0,-1.5784
TOI-1634 b,TOI-1634,924.0,1.79,0.01545,4.91,3550.0,-1.5391
TOI-1669 c,TOI-1669,1285.16,2.2963977,0.0376,13.0,5497.0,-0.03574
TOI-1685 b,TOI-1685,1052.0,1.459,0.011557,3.43,3461.0,-1.56703
TOI-1685 b,TOI-1685,1062.0,1.468,0.01138,3.03,3575.0,-1.51542
TOI-169 b,TOI-169,1715.0,12.172974,0.03524,251.40353,5880.0,0.25261
TOI-1691 b,TOI-1691,703.49,3.56505068,0.126,14.6,5642.0,-0.03058
TOI-1694 b,TOI-1694,943.19,5.3422266,0.045,31.3,5058.0,-0.41794
TOI-1695 b,TOI-1695,698.0,1.9,0.033548,6.36,3690.0,-1.3536
TOI-1696 b,TOI-1696,489.0,3.09,0.0229,48.8,3185.0,-2.14813
TOI-1696 b,TOI-1696,533.0,3.24,0.0235,56.6,3168.0,-2.12494
TOI-1710 b,TOI-1710,602.99,5.20315158,0.166,22.4,5684.0,-0.06349
TOI-1710 b,TOI-1710,730.0,5.15,0.164,18.4,5730.0,-0.04818
TOI-172 b,TOI-172,1198.0,10.816685,0.0914,1722.6386,5645.0,0.4609
TOI-1723 b,TOI-1723,782.98,3.29206019,0.114,10.4,5743.0,0.06446
TOI-1728 b,TOI-1728,767.0,5.05,0.0391,26.78,3980.0,-1.05552
TOI-1736 b,TOI-1736,1076.0,2.44,0.074,12.8,5807.0,0.25
TOI-1736 b,TOI-1736,1099.79,3.18175535,0.073,12.3,5636.0,0.27068
TOI-1742 b,TOI-1742,694.09,2.36507598,0.154,9.7,5815.0,0.12123
TOI-1751 b,TOI-1751,651.64,2.9507845,0.215,19.5,5970.0,0.29732
TOI-1753 b,TOI-1753,1005.43,2.47852533,0.059,16.6,5621.0,-0.06956
TOI-1758 b,TOI-1758,551.44,3.5573684,0.138,6.9,5151.0,-0.37263
TOI-1759 b,TOI-1759,443.0,3.14,0.1177,10.8,4065.0,-1.05715
TOI-1759 b,TOI-1759,387.96,3.12029598,0.115,15.0,3930.0,-1.14874
TOI-1759 b,TOI-1759,433.0,3.06,0.1176,6.8,3972.0,-1.05061
TOI-1775 b,TOI-1775,707.89,8.04728896,0.08,96.0,5284.0,-0.31605
TOI-1776 b,TOI-1776,1269.21,1.21612741,0.0378,1.4,5785.0,-0.05306
TOI-178 b,TOI-178,1040.0,1.152,0.02607,1.5,4316.0,-0.87943
TOI-178 c,TOI-178,873.0,1.669,0.037,4.77,4316.0,-0.87943
TOI-178 d,TOI-178,690.0,2.572,0.0592,3.01,4316.0,-0.87943
TOI-178 e,TOI-178,600.0,2.207,0.0783,3.86,4316.0,-0.87943
TOI-178 f,TOI-178,521.0,2.287,0.1039,7.72,4316.0,-0.87943
TOI-178 g,TOI-178,470.0,2.87,0.1275,3.94,4316.0,-0.87943
TOI-1789 b,TOI-1789,1927.0,16.14093221,0.04882,222.4798849,5991.0,0.7364
TOI-1794 b,TOI-1794,992.91,3.29701268,0.082,8.7,5631.0,0.19728
TOI-1798.01,TOI-1798,734.31,2.38506569,0.074,6.5,5106.0,-0.41567
TOI-1798.02,TOI-1798,1935.83,1.39939037,0.0107,5.6,5106.0,-0.41567
TOI-1799 b,TOI-1799,922.72,1.42238884,0.071,4.0,5698.0,-0.06198
TOI-1801 b,TOI-1801,431.03,1.96061882,0.075,16.0,3748.0,-1.3279
TOI-1803 b,TOI-1803,747.0,2.99,0.06,10.32,4687.0,-0.65365
TOI-1803 c,TOI-1803,588.0,4.29,0.097,8.0,4687.0,-0.65365
TOI-1807 b,TOI-1807,1694.1,1.49681583,0.0122,2.44,4914.0,-0.53313
TOI-181 b,TOI-181,895.1,6.9559,0.0539,46.1687,4994.0,-0.52578
TOI-1811 b,TOI-1811,962.2,11.14172682,0.04389,308.9292116,4766.0,-0.56019
TOI-1823 b,TOI-1823,423.63,7.5406241,0.212,67.4,4927.0,-0.46092
TOI-1824 b,TOI-1824,528.67,2.7438269,0.151,16.0,5165.0,-0.37263
TOI-1836 b,TOI-1836,889.51,8.28055741,0.157,24.7,6237.0,0.56984
TOI-1836 b,TOI-1836,966.0,8.00321222,0.1597,38.45723725,6380.0,0.5682
TOI-1836 c,TOI-1836,2007.6,2.59987579,0.03089,8.0,6237.0,0.56984
TOI-1842 b,TOI-1842,1199.55,12.3485023,0.1,89.4,6039.0,0.69504
TOI-1853 b,TOI-1853,1479.0,3.46,0.0213,73.2,4985.0,-0.43227
TOI-1855 b,TOI-1855,1701.0,18.49481816,0.02398,360.09958513,5359.0,-0.09474
TOI-1898 b,TOI-1898,674.54,9.39553231,0.269,129.0,6241.0,0.55121
TOI-1937 A b,TOI-1937 A,2097.0,13.97759893,0.01932,638.83509807,5814.0,0.0799
TOI-1994 b,TOI-1994,2290.0,13.67495645,0.0613,7024.0077947,7700.0,1.22272
TOI-2000 b,TOI-2000,1488.0,2.7,0.04271,11.0,5611.0,0.05956
TOI-2000 c,TOI-2000,1038.0,8.14,0.0878,81.7,5611.0,0.05956
TOI-201 b,TOI-201,759.0,11.298672,0.3,133.4886,6394.0,0.41497
TOI-2010 b,TOI-2010,400.2,11.81426566,0.5516,408.7273314,5929.0,0.11361
TOI-2015 b,TOI-2015,512.0,3.39,0.0301,16.4,3194.0,-1.97881
TOI-2015 b,TOI-2015,530.9,3.309,0.029322,9.2,3297.0,-1.49214
TOI-2019 b,TOI-2019,917.46,5.33275337,0.128,34.4,5626.0,0.44075
TOI-2025 b,TOI-2025,1166.0,11.89272852,0.0892,1144.1822652,5977.0,0.38739
TOI-2031 A b,TOI-2031 A,1358.0,14.20177855,0.066,254.2627256,6490.0,0.39094
TOI-2076 b,TOI-2076,687.68,2.77062554,0.088,16.1,5192.0,-0.37779
TOI-2076 c,TOI-2076,543.16,3.69441587,0.142,55.0,5192.0,-0.37779
TOI-2076 d,TOI-2076,457.68,3.43087751,0.199,29.0,5192.0,-0.37779
TOI-2088 b,TOI-2088,300.33,3.6831179,0.472,37.0,5081.0,-0.36151
TOI-2095 b,TOI-2095,347.0,1.25,0.101,4.1,3759.0,-1.45892
TOI-2095 c,TOI-2095,297.0,1.33,0.137,7.4,3759.0,-1.45892
TOI-2107 b,TOI-2107,1397.0,13.57407563,0.03515,263.79757781,5627.0,-0.10458
TOI-2109 b,TOI-2109,3646.0,15.098497,0.01791,1595.49860314,6540.0,0.67302
TOI-2120 b,TOI-2120,384.0,2.122,0.0377,6.8,3131.0,-2.28651
TOI-2128 b,TOI-2128,780.53,2.08874836,0.127,4.5,5968.0,0.15625
TOI-2134 b,TOI-2134,666.0,2.69,0.078,9.13,4580.0,-0.7167
TOI-2134 c,TOI-2134,306.0,7.27,0.371,41.89,4580.0,-0.7167
TOI-2136 b,TOI-2136,403.0,2.09,0.054,15.0,3366.0,-1.88606
TOI-2136 b,TOI-2136,395.0,2.19,0.057,6.37,3342.0,-1.88606
TOI-2136 b,TOI-2136,378.0,2.2,0.0533,4.7,3373.0,-1.86328
TOI-2141 b,TOI-2141,722.0,3.05,0.133,24.0,5659.0,-0.05
TOI-2145 b,TOI-2145,1484.0,11.98240037,0.1108,1671.77742082,6177.0,0.99651
TOI-2145 b,TOI-2145,1363.43,12.41899699,0.111,1767.0,6200.0,1.00664
TOI-2152 A b,TOI-2152,1802.0,14.35870428,0.05064,899.45439181,6630.0,0.65321
TOI-2154 b,TOI-2154,1580.0,16.28664896,0.0513,292.40213444,6280.0,0.43457
TOI-2169 A b,TOI-2169 A,1364.0,12.50922246,0.0896,329.58805806,6270.0,0.66558
TOI-2180 b,TOI-2180,348.0,11.32107051,0.828,875.61726129,5695.0,0.40552
TOI-2193 A b,TOI-2193 A,1763.0,19.83989584,0.03319,298.75870258,5966.0,0.25018
TOI-2196 b,TOI-2196,1860.0,3.51,0.02234,26.0,5634.0,-0.00436
TOI-2207 b,TOI-2207,1259.0,11.1529358,0.0854,203.41018048,6101.0,0.4843
TOI-2236 b,TOI-2236,1688.0,14.36991326,0.05009,502.16888306,6248.0,0.53275
TOI-2285 b,TOI-2285,284.0,1.74,0.1363,19.5,3491.0,-1.54212
TOI-2295 b,TOI-2295,747.0,16.47720163,0.1992,278.09985612,5730.0,0.31387
TOI-2322 b,TOI-2322,603.1,0.994,0.0924,2.31,4664.0,-0.74232
TOI-2322 c,TOI-2322,496.8,1.874,0.1362,18.1,4664.0,-0.74232
TOI-2328 b,TOI-2328,842.0,9.97599282,0.127,50.85254512,5525.0,-0.17005
TOI-2338 b,TOI-2338,799.0,11.2089807,0.158,1900.61387386,5581.0,-0.01323
TOI-2346 b,TOI-2346,1689.0,16.11851425,0.0473,394.10722468,6480.0,0.48144
TOI-2364 b,TOI-2364,1091.0,8.60849718,0.04871,71.51139158,5306.0,-0.25181
TOI-2368 b,TOI-2368,1000.0,10.83908434,0.05649,206.58846455,5360.0,-0.27491
TOI-2373 b,TOI-2373,860.0,10.42435205,0.112,2955.8041851,5651.0,0.05115
TOI-238 b,TOI-238,1311.0,1.402,0.02118,3.4,5059.0,-0.47083
TOI-238 c,TOI-238,696.0,2.18,0.0749,6.7,5059.0,-0.47083
TOI-2382 b,TOI-2382,1426.0,12.25141591,0.059,235.19302118,6033.0,0.37967
TOI-2406 b,TOI-2406,449.0,2.86,0.02267,15.6,3100.0,-2.46218
TOI-2416 b,TOI-2416,1080.0,9.86390302,0.0831,953.485221,5808.0,0.197
TOI-2421 b,TOI-2421,1534.0,10.36830715,0.0543,105.83685953,5607.0,0.436
TOI-244 b,TOI-244,458.0,1.52,0.0559,2.68,3433.0,-1.64264
TOI-2443 b,TOI-2443,519.0,2.363,0.105,4.8,4375.0,-0.86487
TOI-2497 b,TOI-2497,1595.0,11.14172682,0.1166,1531.93292174,7360.0,1.16732
TOI-2524 b,TOI-2524,1100.0,11.2089807,0.073,203.41018048,5831.0,0.11628
TOI-2529 b,TOI-2529,636.0,11.54525012,0.327,743.71847238,5802.0,0.46389
TOI-2537 b,TOI-2537,338.0,11.25381662,0.3715,415.40172795,4870.0,-0.52143
TOI-2567 b,TOI-2567,1352.0,10.92875618,0.0672,63.88350981,5611.0,0.40483
TOI-257 b,TOI-257,1027.0,7.16253867,0.1528,43.86032017,6095.0,0.63649
TOI-2570 b,TOI-2570,1431.0,13.64132951,0.04145,260.61929374,5771.0,0.07882
TOI-2580 b,TOI-2580,2410.0,17.37392009,0.048,200.23189641,6120.0,0.61595
TOI-2583 A b,TOI-2583 A,1456.0,14.4595851,0.0571,79.45710175,5936.0,0.38828
TOI-2587 A b,TOI-2587 A,1445.0,12.07207221,0.0635,69.28659273,5760.0,0.47129
TOI-2589 b,TOI-2589,592.0,12.10569916,0.3,1112.3994245,5579.0,-0.00436
TOI-260 b,TOI-260,493.0,1.71,0.0943,4.23,4026.0,-1.05899
TOI-260 b,TOI-260,438.59,1.47291596,0.091,3.3,4050.0,-1.13668
TOI-2641 b,TOI-2641,1387.0,18.10250383,0.0607,122.6817651,6100.0,0.34044
TOI-270 b,TOI-270,581.0,1.206,0.03197,1.58,3506.0,-1.7122
TOI-270 c,TOI-270,488.0,2.355,0.04526,6.15,3506.0,-1.7122
TOI-270 d,TOI-270,387.0,2.133,0.0721,4.78,3506.0,-1.7122
TOI-2714 b,TOI-2714,1603.0,13.72,0.036,228.0,5665.0,0.16017
TOI-2796 b,TOI-2796,1205.0,17.26183028,0.0569,139.84449908,5764.0,0.05538
TOI-2803 A b,TOI-2803 A,1893.0,18.11371281,0.03185,309.88269682,6280.0,0.33646
TOI-2818 b,TOI-2818,1376.0,15.27784069,0.0493,225.65816897,5721.0,0.16435
TOI-2842 b,TOI-2842,1471.0,12.84549188,0.0475,117.59651059,5910.0,0.24551
TOI-286 b,TOI-286,979.0,1.42,0.0503,4.53,5152.0,-0.41364
TOI-286 c,TOI-286,475.0,1.88,0.213,3.72,5152.0,-0.41364
TOI-2876 b,TOI-2876,929.0,9.6397234,0.0654,54.03082919,5271.0,-0.27654
TOI-2886 b,TOI-2886,1978.0,18.6405349,0.02871,444.9597698,6240.0,0.32222
TOI-2969 b,TOI-2969,1186.0,12.32987877,0.0261,368.68095212,4738.0,-0.58503
TOI-2977 b,TOI-2977,1544.0,13.15934334,0.03386,533.95172376,5691.0,0.03703
TOI-2981 b,TOI-2981,1358.0,13.4,0.048,638.0,5940.0,0.11594
TOI-2986 b,TOI-2986,1622.0,9.292245,0.04489,96.61983573,5906.0,0.36773
TOI-2989 b,TOI-2989,1001.0,12.55405838,0.0384,953.485221,4672.0,-0.73755
TOI-2992 b,TOI-2992,1726.0,13.75341932,0.0434,1058.36859531,6000.0,0.4456
TOI-3023 b,TOI-3023,1596.0,16.43236571,0.0505,197.05361234,5760.0,0.44404
TOI-3135 b,TOI-3135,1292.0,13.65253849,0.04756,327.36325921,5890.0,0.02119
TOI-3160 A b,TOI-3160 A,1539.0,13.7646283,0.0505,378.21580433,6190.0,0.3784
TOI-3235 b,TOI-3235,604.0,11.39953337,0.02709,211.35589065,3388.8,-1.78968
TOI-3261 b,TOI-3261,1722.0,3.82,0.01714,30.3,5068.0,-0.36653
TOI-329 b,TOI-329,1213.02,4.94057819,0.0638,40.4,5614.0,0.3251
TOI-3321 b,TOI-3321,1616.0,15.55806521,0.047,176.07693748,5850.0,0.40483
TOI-3331 A b,TOI-3331 A,1488.0,12.97999965,0.03144,721.47048389,5609.0,-0.09313
TOI-3364 b,TOI-3364,1264.0,12.22899794,0.0675,530.77343969,5706.0,0.28556
TOI-3464 b,TOI-3464,1693.0,13.7646283,0.0515,397.28550875,6370.0,0.55871
TOI-3474 b,TOI-3474,1451.0,14.67255574,0.0502,193.87532827,6020.0,0.26951
TOI-3486 b,TOI-3486,1190.0,10.5700688,0.03138,99.16246298,4930.0,-0.4828
TOI-3523 A b,TOI-3523 A,1984.0,15.9727975,0.03559,435.42491759,6450.0,0.51455
TOI-3540 A b,TOI-3540 A,1498.0,23.53885947,0.04289,375.03752026,5810.0,0.19005
TOI-3568 b,TOI-3568,899.0,5.3,0.0485,26.4,4969.0,0.33
TOI-3593 b,TOI-3593,1170.0,11.02963701,0.0481,565.73456446,5550.0,-0.14146
TOI-3629 b,TOI-3629,711.0,8.29464572,0.04194,77.2323029,3865.0,-1.12494
TOI-3682 b,TOI-3682,1657.0,12.80065596,0.048,69.28659273,5703.0,0.45788
TOI-3688 A b,TOI-3688 A,1534.0,13.08088048,0.0456,311.47183886,5950.0,0.2833
TOI-3693 b,TOI-3693,801.0,12.59889431,0.0813,324.18497514,5321.0,-0.3439
TOI-3714 b,TOI-3714,764.0,11.14172682,0.0263,218.98377242,3652.0,-1.40671
TOI-3757 b,TOI-3757,759.0,12.0,0.03845,85.3,3913.0,-1.06048
TOI-3785 b,TOI-3785,582.0,5.14,0.043,14.95,3576.0,-1.43533
TOI-3807 b,TOI-3807,1646.0,18.49481816,0.0421,330.54154328,5772.0,0.33244
TOI-3819 b,TOI-3819,1633.0,13.13692538,0.04611,352.78953177,5859.0,0.39967
TOI-3837 b,TOI-3837,1178.0,10.87271128,0.099,187.51876013,5905.0,0.19618
TOI-3856 b,TOI-3856,1544.0,13.59649359,0.0325,171.62733978,5622.0,0.00087
TOI-3877 b,TOI-3877,1445.0,11.67975789,0.0529,99.7981198,5731.0,0.3075
TOI-3884 b,TOI-3884,463.0,6.0,0.0354,16.5,3269.0,-2.03152
TOI-3894 b,TOI-3894,1531.0,15.27784069,0.05354,260.61929374,6000.0,0.41896
TOI-3894 b,TOI-3894,1504.0,15.15454191,0.05539,279.68899816,6000.0,0.41896
TOI-3894 b,TOI-3894,1519.0,15.22179579,0.0543,270.15414595,6000.0,0.41896
TOI-3912 b,TOI-3912,1512.0,14.28024141,0.0463,129.03833324,5725.0,0.27323
TOI-3919 b,TOI-3919,1198.0,12.31866979,0.0795,1233.17421916,6100.0,0.33606
TOI-3976 A b,TOI-3976 A,1295.0,12.27383387,0.0743,55.61997123,5975.0,0.41296
TOI-3980 b,TOI-3980,1621.0,14.4595851,0.0494,187.51876013,5840.0,0.44248
TOI-406 c,TOI-406,584.0,1.32,0.0322,2.08,3392.0,-1.71444
TOI-406.01,TOI-406,368.0,2.08,0.0809,6.57,3392.0,-1.71444
TOI-4087 b,TOI-4087,1458.0,13.04725353,0.04469,232.01473711,6060.0,0.17609
TOI-4127 b,TOI-4127,605.1,12.28504285,0.3081,731.0053361,6096.0,0.31639
TOI-4137 b,TOI-4137,1570.0,13.57407563,0.05222,457.67290608,6202.0,0.43933
TOI-4145 A b,TOI-4145 A,1074.0,13.30506009,0.04823,136.66621501,5281.0,-0.28735
TOI-4153 b,TOI-4153,1669.0,16.11851425,0.06311,365.50266805,6860.0,0.71349
TOI-4201 b,TOI-4201,750.0,12.66614819,0.03924,816.81900599,3926.0,-1.09205
TOI-4201 b,TOI-4201,739.0,12.69,0.03944,825.0,3920.0,-1.09151
TOI-4201 b,TOI-4201,725.0,13.67495645,0.04,788.21444936,3794.0,-1.11919
TOI-4214 b,TOI-4214,1642.0,10.68215861,0.05018,165.27077164,6370.0,0.48287
TOI-4406 b,TOI-4406,904.0,11.2089807,0.201,95.3485221,6219.0,0.36173
TOI-4438 b,TOI-4438,435.0,2.52,0.0534,5.4,3422.0,-1.76802
TOI-4463 A b,TOI-4463 A,1395.0,13.26022417,0.04036,252.35575516,5640.0,0.01115
TOI-4487 A b,TOI-4487 A,1639.0,14.60530185,0.05448,397.28550875,6206.0,0.55267
TOI-4515 b,TOI-4515,705.0,12.17,0.118,637.0,5433.0,-0.23582
TOI-4600 b,TOI-4600,347.0,6.8,0.349,959.84178914,5170.0,-0.37675
TOI-4600 c,TOI-4600,191.0,9.42,1.152,2946.26933289,5170.0,-0.37675
TOI-4603 b,TOI-4603,1677.0,11.67975789,0.0888,4096.80816623,6264.0,1.01703
TOI-4734 b,TOI-4734,1468.0,10.9175472,0.074,61.65871096,6070.0,0.62428
TOI-4791 b,TOI-4791,1472.0,12.44196858,0.0555,734.18362017,6058.0,0.38021
TOI-4794 b,TOI-4794,1673.0,14.35870428,0.0492,308.29355479,6390.0,0.49969
TOI-480 b,TOI-480,1198.94,2.85372018,0.077,20.8,6174.0,0.46195
TOI-481 b,TOI-481,1370.0,11.09691,0.097,486.2799,5735.0,0.43457
TOI-4860 b,TOI-4860,624.0,8.47398941,0.01845,212.94503269,3390.0,-1.83565
TOI-4914 b,TOI-4914,894.0,12.87,0.098,227.0,5805.0,0.00903
TOI-4961 b,TOI-4961,919.0,12.34108775,0.0726,572.0911326,5380.0,-0.20135
TOI-4994 b,TOI-4994,717.6,8.54124329,0.1515,88.99195396,5640.0,0.0086
TOI-5027 b,TOI-5027,1056.0,10.76062147,0.093,642.01338214,5909.0,-0.03058
TOI-5076 b,TOI-5076,550.0,3.48935569,0.1481,16.14568308,4780.0,-0.47366
TOI-5110 b,TOI-5110,976.0,11.98240037,0.2157,921.7023803,6160.0,0.84696
TOI-5181 A b,TOI-5181 A,1585.0,13.34989601,0.0522,330.54154328,6060.0,0.45788
TOI-519 b,TOI-519,687.0,11.54525012,0.0159,147.15455244,3322.0,-1.85078
TOI-519 b,TOI-519,754.0,11.87031056,0.01648,166.85991368,3354.0,-1.83565
TOI-5205 b,TOI-5205,737.0,11.6,0.0199,343.0,3430.0,-1.7122
TOI-5210 b,TOI-5210,1286.0,10.72699453,0.0557,81.99972901,5723.0,0.15229
TOI-5218 b,TOI-5218,783.0,9.86,0.0469,657.0,4230.0,-0.82391
TOI-5232 b,TOI-5232,1772.0,12.778238,0.05593,743.71847238,6500.0,0.71265
TOI-530 b,TOI-530,565.0,9.30345398,0.052,127.1313628,3659.0,-1.3098
TOI-5300 b,TOI-5300,1043.0,9.86390302,0.0295,190.6970442,4610.0,-0.76195
TOI-5301 b,TOI-5301,1655.0,13.19297028,0.0726,1160.07368555,6240.0,0.81624
TOI-5301 b,TOI-5301,1648.0,13.09208946,0.073,1182.32167404,6240.0,0.81624
TOI-5301 b,TOI-5301,1682.0,13.5292397,0.06975,1080.6165838,6240.0,0.81624
TOI-532 b,TOI-532,867.0,5.82,0.0296,61.5,3927.0,-1.09528
TOI-5322 b,TOI-5322,1350.0,16.6117094,0.0604,184.02264765,5692.0,0.3075
TOI-5340 b,TOI-5340,1566.0,15.07607904,0.0628,270.15414595,5990.0,0.5955
TOI-5344 b,TOI-5344,689.0,10.60369574,0.04041,130.94530368,3747.0,-1.21254
TOI-5344 b,TOI-5344,679.0,9.7,0.04,135.0,3770.0,-1.24413
TOI-5386 A b,TOI-5386 A,1488.0,14.70618268,0.04856,155.10026262,6094.0,0.28488
TOI-5542 b,TOI-5542,441.0,11.30986153,0.332,419.53349724,5700.0,1.057
TOI-5573 b,TOI-5573,528.0,9.75,0.0712,112.0,3790.0,-1.15927
TOI-558 b,TOI-558,1061.0,12.17295304,0.1291,1147.36054927,6466.0,0.54654
TOI-559 b,TOI-559,1180.0,12.22899794,0.0723,1910.14872607,5925.0,0.22737
TOI-5592 b,TOI-5592,1789.0,17.14974047,0.03935,285.72773789,6237.0,0.4216
TOI-561 b,TOI-561,2310.0,1.425,0.0106,2.0,5372.0,-0.27327
TOI-561 b,TOI-561,2134.77,1.45661206,0.0104,3.0,5342.0,-0.26761
TOI-561 b,TOI-561,2480.0,1.45,0.01064,3.2,5326.0,-0.28233
TOI-561 c,TOI-561,800.0,2.91,0.0884,5.39,5372.0,-0.27327
TOI-561 c,TOI-561,738.68,2.92706747,0.087,6.9,5342.0,-0.26761
TOI-561 c,TOI-561,860.0,2.9,0.0888,7.0,5326.0,-0.28233
TOI-561 d,TOI-561,552.84,2.72148317,0.156,11.0,5342.0,-0.26761
TOI-561 d,TOI-561,598.0,2.82,0.158,13.2,5372.0,-0.27327
TOI-561 e,TOI-561,415.0,2.55,0.328,12.6,5372.0,-0.27327
TOI-5616 b,TOI-5616,939.0,10.78,0.0272,624.0,3996.0,-0.99268
TOI-5634 A b,TOI-5634 A,837.0,10.42,0.0272,588.0,3896.0,-1.24489
TOI-564 b,TOI-564,1714.0,11.43318,0.02734,464.98529,5640.0,0.03262
TOI-5688 A b,TOI-5688 A,742.0,10.3,0.03379,124.0,3713.0,-1.22841
TOI-5720 b,TOI-5720,708.0,1.09,0.018288,4.3,3325.0,-1.79183
TOI-5795 b,TOI-5795,1136.78,5.62,0.064,23.66,5715.0,0.05308
TOI-5800 b,TOI-5800,1119.0,2.68,0.0345,10.8,4830.0,-0.50864
TOI-5800 b,TOI-5800,1108.0,2.46,0.0344,9.5,4850.0,-0.51004
TOI-5817 b,TOI-5817,950.0,3.08,0.1223,10.3,5770.0,0.31175
TOI-5882 b,TOI-5882,1515.0,11.46678726,0.0804,6995.40323807,5920.0,0.75358
TOI-5882 b,TOI-5882,1537.0,11.83668362,0.08445,7720.05200603,6060.0,0.82282
TOI-6008 b,TOI-6008,707.0,1.03,0.010777,4.0,3075.0,-2.32873
TOI-6016 b,TOI-6016,1890.0,13.67495645,0.055,371.85923619,6110.0,0.4609
TOI-6034 b,TOI-6034,714.0,11.92,0.02949,254.0,3635.0,-1.4034
TOI-6038 A b,TOI-6038 A,1439.0,6.41,0.069,78.5,6110.0,0.53275
TOI-6054.01,TOI-6054,1360.0,2.64,0.0763,12.5,6047.0,0.52244
TOI-6054.02,TOI-6054,1143.0,2.82,0.1079,9.3,6047.0,0.52244
TOI-6130 b,TOI-6130,1750.0,14.3474953,0.036,333.71982735,6110.0,0.4609
TOI-615 b,TOI-615,1666.0,18.97680433,0.0678,138.25535705,6850.0,0.7679
TOI-622 b,TOI-622,1388.0,9.2362001,0.0708,96.30200732,6400.0,0.47407
TOI-628 b,TOI-628,1586.0,11.88154,0.0486,2011.8639,6250.0,0.39445
TOI-6303 b,TOI-6303,541.0,11.59,0.0761,2493.0,3977.0,-1.08672
TOI-6330 b,TOI-6330,495.0,10.89,0.05763,3179.0,3539.0,-1.43168
TOI-6383 A b,TOI-6383 A,745.0,11.29,0.02292,331.0,3444.0,-1.48678
TOI-640 b,TOI-640,1749.0,19.851139,0.06608,279.6904,6460.0,0.83442
TOI-654.01,TOI-654,794.0,2.378,0.01944,8.71,3521.0,-1.60906
TOI-6628 b,TOI-6628,833.0,10.98480109,0.134,235.19302118,5463.0,-0.08778
TOI-6651 b,TOI-6651,1493.0,5.09,0.0633,61.0,5940.0,0.52244
TOI-669 b,TOI-669,1124.85,2.58606487,0.048,10.0,5597.0,-0.06248
TOI-6695 b,TOI-6695,599.0,9.52763359,0.402,66.74396547,6400.0,0.54033
TOI-674 b,TOI-674,635.0,5.25,0.025,23.6,3514.0,-1.61439
TOI-6894 b,TOI-6894,417.9,9.5836785,0.02604,53.39517238,3007.0,-2.42597
TOI-7149 b,TOI-7149,593.0,13.2,0.02603,224.0,3363.0,-1.91542
TOI-733 b,TOI-733,1055.8,1.992,0.0618,5.72,5585.0,-0.08619
TOI-757 b,TOI-757,641.0,2.5,0.122,10.5,5278.0,-0.37675
TOI-762 A b,TOI-762 A,555.4,8.33948164,0.03418,79.77493016,3266.0,-1.73283
TOI-771 b,TOI-771,543.0,1.36,0.0208,2.47,3370.0,-2.20343
TOI-776 b,TOI-776,514.0,1.85,0.0652,4.0,3709.0,-1.3098
TOI-776 c,TOI-776,415.0,2.02,0.1,5.3,3709.0,-1.3098
TOI-778 b,TOI-778,1561.0,15.4,0.06,878.0,6643.0,0.76042
TOI-782 b,TOI-782,435.0,2.734,0.0578,19.1,3370.0,-1.70246
TOI-824 b,TOI-824,1253.0,2.926,0.02177,18.467,4600.0,-0.70997
TOI-837 b,TOI-837,1022.0,9.71,0.083,116.0,6000.0,0.1038
TOI-837 b,TOI-837,995.3,9.16894621,0.0888,120.45696625,5995.0,0.1271
TOI-858 B b,TOI-858 B,1529.0,14.06727078,0.04435,349.6112477,5842.0,0.25285
TOI-892 b,TOI-892,1397.0,11.99363,0.092,301.9385,6261.0,0.43136
TOI-905 b,TOI-905,1192.0,13.125739,0.04666,211.99261,5570.0,-0.13668
TOI-954 b,TOI-954,1526.0,9.550068,0.04963,55.30242,5710.0,0.53529
TRAPPIST-1 b,TRAPPIST-1,400.1,1.086,0.01111,0.85,2559.0,-3.28067
TRAPPIST-1 c,TRAPPIST-1,341.9,1.056,0.01521,1.38,2559.0,-3.28067
TRAPPIST-1 d,TRAPPIST-1,288.0,0.772,0.02144,0.41,2559.0,-3.28067
TRAPPIST-1 e,TRAPPIST-1,251.3,0.918,0.02817,0.62,2559.0,-3.28067
TRAPPIST-1 f,TRAPPIST-1,219.0,1.045,0.0371,0.68,2559.0,-3.28067
TRAPPIST-1 g,TRAPPIST-1,198.6,1.127,0.0451,1.34,2559.0,-3.28067
TrES-1 b,TrES-1,1140.0,11.96,0.03925,238.998,5230.0,-0.359
TrES-2 b,TrES-2,1498.0,13.719816,0.03558,381.396,5850.0,0.025
TrES-3 b,TrES-3,1623.0,14.706208,0.02272,615.95454,5650.0,-0.22768
TrES-4 b,TrES-4,1785.0,19.626959,0.05092,292.4036,6200.0,0.64246
WASP-103 b,WASP-103,2508.0,17.127,0.01985,473.547,6110.0,0.413
WASP-11 b,WASP-11,960.0,10.20019,0.043,168.4499,4800.0,0.0
WASP-12 b,WASP-12,2580.0,21.2971,0.0234,467.2101,6360.0,0.60746
WASP-121 b,WASP-121,2358.0,20.904785,0.02544,375.99289,6459.0,0.51851
WASP-132 b,WASP-132,682.0,10.09929161,0.0674,136.0305582,4686.0,-0.57512
WASP-132 c,WASP-132,1329.0,1.841,0.01833,6.26,4686.0,-0.57512
WASP-156 b,WASP-156,934.5,6.02802815,0.0458,41.8,4987.0,-0.41794
WASP-161 b,WASP-161,1557.0,12.811887,0.0673,791.3967,6400.0,0.64738
WASP-163 b,WASP-163,1638.0,13.473218,0.0266,594.3421,5500.0,-0.07572
WASP-170 b,WASP-170,1422.0,12.285064,0.0337,508.528,5600.0,-0.11351
WASP-173 A b,WASP-173 A,1842.0,14.403565,0.02508,1102.8701,5767.0,0.08279
WASP-174 b,WASP-174,1528.0,16.10730527,0.05503,104.88337431,6399.0,0.43616
WASP-178 b,WASP-178,2402.0,21.74546,0.0545,448.1403,8640.0,1.21484
WASP-18 b,WASP-18,2429.0,13.89913607,0.02024,3241.8497514,6432.0,0.42813
WASP-19 b,WASP-19,2113.0,15.86070769,0.01652,366.77398168,5616.0,-0.04335
WASP-193 b,WASP-193,1254.0,16.40994774,0.0676,44.17814857,6078.0,0.27416
WASP-2 b,WASP-2,1311.0,12.116929,0.03144,295.89973,5180.0,-0.31336
WASP-2 b,WASP-2,1304.0,12.005,0.03138,290.802,5200.0,-0.328
WASP-44 b,WASP-44,1337.0,12.3299,0.03453,276.5121,5420.0,-0.19777
WASP-45 b,WASP-45,1153.0,10.603714,0.03963,306.38812,5150.0,-0.33555
WASP-53 b,WASP-53,1053.0,12.038466,0.04101,677.61356,4953.0,-0.46344
WASP-64 b,WASP-64,1689.0,14.247,0.02648,403.945,5400.0,-0.022
WASP-68 b,WASP-68,1490.0,13.9,0.06206,301.93,5911.0,0.505
WASP-69 b,WASP-69,971.0,11.21,0.0453,82.58,4792.0,-0.48149
WASP-72 b,WASP-72,2210.0,14.24,0.03708,491.3763,6250.0,0.724
WASP-73 b,WASP-73,1790.0,13.002,0.05512,597.5,6036.0,0.716
WASP-76 b,WASP-76,2231.0,20.68056939,0.03304,289.22385037,6366.0,0.65418
WASP-77 A b,WASP-77 A,1715.0,13.78704626,0.02335,529.81995447,5617.0,-0.12901
WASP-81 b,WASP-81,1623.0,16.017661,0.03908,231.69807,5870.0,0.24551
Wolf 327 b,Wolf 327,996.0,1.24,0.01,2.53,3542.0,-1.62986
Wolf 503 b,Wolf 503,790.0,2.043,0.05706,6.26,4716.0,-0.67572
XO-2 N b,XO-2 N,1319.0,11.018447,0.03684,179.89178,5340.0,-0.162
bet Pic b,bet Pic,1650.0,16.8,8.9,6356.0,8038.68,0.95282
pi Men c,HD 39091,1169.8,2.042,0.06839,4.82,6037.0,0.15957
