pl_name,hostname,pl_insol,pl_rade,pl_orbsmax,pl_masse,pl_eqt
CoRoT-32 b,CoRoT-32,132.26,6.38913,0.071,47.6745,938.0
EPIC 201595106 b,EPIC 201595106,2852.0,1.565,0.0177,7.67,2038.0
EPIC 220674823 b,EPIC 220674823,4293.0,1.82,0.01312,9.0,2063.0
EPIC 220674823 b,EPIC 220674823,4656.0,1.676,0.01314,7.8,2299.0
EPIC 220674823 b,EPIC 220674823,4670.0,1.725,0.01326,8.21,2300.0
EPIC 220674823 c,EPIC 220674823,64.0,2.77,0.1071,5.7,722.0
EPIC 220674823 c,EPIC 220674823,70.0,2.836,0.1083,8.9,805.0
EPIC 220674823 c,EPIC 220674823,70.0,2.84,0.1073,7.32,804.0
EPIC 229004835 b,EPIC 229004835,69.7,2.332,0.1237,10.4,804.0
EPIC 246851721 b,EPIC 246851721,642.0,11.780659,0.07229,953.49,1401.0
EPIC 248847494 b,EPIC 248847494,0.19,12.44199,4.5,4131.79,183.0
EPIC 249893012 b,EPIC 249893012,1037.0,1.95,0.047,8.75,1616.0
EPIC 249893012 c,EPIC 249893012,160.0,3.67,0.13,14.67,990.0
EPIC 249893012 d,EPIC 249893012,53.0,3.94,0.22,10.18,752.0
G 9-40 b,G 9-40,6.27,1.9,0.0418,4.0,440.6
G 9-40 b,G 9-40,7.2,2.025,0.0385,11.7,456.0
GJ 1132 b,GJ 1132,19.3,1.19151465,0.0157,1.83704819,583.8
GJ 1214 b,GJ 1214,21.0,2.742,0.0149,8.17,596.0
GJ 1214 b,GJ 1214,17.2,2.733,0.01505,8.41,567.0
GJ 3473 b,GJ 3473,59.4,1.264,0.01589,1.86,773.0
GJ 357 b,GJ 357,12.6,1.217,0.035,1.84,525.0
GJ 367 b,GJ 367,579.0,0.699,0.00709,0.633,1365.0
GJ 3929 b,GJ 3929,17.3,1.09,0.0252,1.75,568.0
GJ 3929 b,GJ 3929,17.5,1.15,0.02569,1.21,568.8
GJ 486 b,GJ 486,40.3,1.305,0.01734,2.82,701.0
GJ 486 b,GJ 486,41.3,1.343,0.01713,3.0,706.0
GJ 486 b,GJ 486,39.2,1.289,0.01714,2.77,696.3
GJ 806 b,GJ 806,130.0,1.331,0.01406,1.9,940.0
GJ 9827 b,GJ 9827,315.0,1.62,0.01888,3.42,1172.0
GJ 9827 b,GJ 9827,256.0,1.58,0.0206,3.69,1114.0
GJ 9827 b,GJ 9827,318.0,1.577,0.0188,5.14,1175.0
GJ 9827 c,GJ 9827,72.0,1.269,0.03942,2.42,811.0
GJ 9827 c,GJ 9827,73.0,1.241,0.03925,1.3,813.0
GJ 9827 c,GJ 9827,59.0,1.24,0.0429,1.45,771.0
GJ 9827 d,GJ 9827,34.9,1.98,0.053,3.02,675.0
GJ 9827 d,GJ 9827,29.0,2.04,0.0611,2.35,646.0
GJ 9827 d,GJ 9827,36.0,2.022,0.0559,3.53,681.0
GJ 9827 d,GJ 9827,35.6,2.07,0.05615,5.2,680.0
GPX-1 b,GPX-1,4650.0,16.47720163,0.0338,6261.2196179,2300.0
Gliese 12 b,Gliese 12,1.6,0.9,0.067,10.0,315.0
Gliese 12 b,Gliese 12,1.62,0.958,0.0668,3.87,314.6
HAT-P-19 b,HAT-P-19,154.0,11.29865255,0.04599,88.03846874,981.2
HAT-P-25 b,HAT-P-25,325.0,12.722215,0.0466,180.84527,1182.0
HAT-P-29 b,HAT-P-29,433.0,11.926376,0.0665,243.77561,1271.0
HAT-P-32 b,HAT-P-32,1841.0,22.19382,0.03397,216.1244,1835.7
HAT-P-36 b,HAT-P-36,1821.0,15.210613,0.02402,611.82275,1820.2
HAT-P-51 b,HAT-P-51,310.0,13.50682174,0.05042,97.57332095,1168.2
HAT-P-55 b,HAT-P-55,583.0,14.84069045,0.04628,189.42573057,1367.0
HAT-P-58 b,HAT-P-58,1146.0,14.93036229,0.04994,118.2321674,1622.0
HAT-P-59 b,HAT-P-59,441.4,12.58768533,0.05064,489.45574678,1277.8
HAT-P-60 b,HAT-P-60,1634.0,18.28184752,0.06277,182.43350562,1772.0
HAT-P-61 b,HAT-P-61,849.5,10.07687365,0.0301,335.9446262,1505.0
HAT-P-62 b,HAT-P-62,867.2,12.02723629,0.03772,241.86741773,1512.0
HAT-P-63 b,HAT-P-63,387.4,12.5428494,0.04294,195.1466419,1237.0
HAT-P-64 b,HAT-P-64,1611.0,19.08889413,0.05387,184.34047606,1766.0
HAT-P-65 b,HAT-P-65,1821.0,18.05766791,0.04042,176.07693748,1818.0
HAT-P-68 b,HAT-P-68,184.8,12.016048,0.02996,230.10892,1027.8
HAT-P-9 b,HAT-P-9,931.0,15.614137,0.05287,238.05467,1540.0
HATS-17 b,HATS-17,72.7,8.709393,0.1308,425.25654,814.0
HATS-18 b,HATS-18,2990.0,14.986433,0.01761,629.3034,2060.0
HATS-36 b,HATS-36,561.0,13.843115,0.05425,1022.14128,1356.0
HATS-37 A b,HATS-37 A,229.7,6.792654,0.04913,31.46517,1085.0
HATS-38 b,HATS-38,464.7,6.882326,0.05036,23.51942,1294.0
HATS-47 b,HATS-47,87.73,12.520453,0.04269,117.27927,852.9
HATS-48 A b,HATS-48 A,137.6,8.9672,0.03769,77.23269,954.6
HATS-49 b,HATS-49,80.45,8.574885,0.04515,112.19399,834.8
HATS-59 b,HATS-59,269.0,12.621334,0.06112,256.17098,1128.0
HATS-60 b,HATS-60,903.9,12.923977,0.04708,210.40346,1528.0
HATS-61 b,HATS-61,374.2,13.394755,0.07908,1080.622,1226.1
HATS-62 b,HATS-62,387.4,11.825495,0.04163,56.89157,1237.0
HATS-63 b,HATS-63,634.1,13.529263,0.04026,305.1168,1398.3
HATS-64 b,HATS-64,1711.0,18.819911,0.06562,305.1168,1793.0
HATS-65 b,HATS-65,1178.0,16.824709,0.04497,260.93843,1634.0
HATS-66 b,HATS-66,2637.0,15.815899,0.04714,1694.0339,1998.0
HATS-67 b,HATS-67,3821.0,18.887165,0.03032,460.8535,2193.0
HATS-68 b,HATS-68,1521.0,13.809488,0.05071,410.0007,1741.0
HATS-69 b,HATS-69,466.6,10.592505,0.03211,183.38791,1295.7
HATS-70 b,HATS-70,9110.0,15.513256,0.03632,4100.007,2730.0
HATS-72 b,HATS-72,49.58,8.0973816,0.066517,39.855882,739.3
HATS-74 A b,HATS-74 A,106.9,11.56766808,0.02384,464.02947422,895.1
HATS-75 b,HATS-75,59.26,9.90873894,0.032742,156.05374784,772.3
HATS-76 b,HATS-76,129.8,12.09449018,0.02658,835.570882,939.8
HATS-77 b,HATS-77,78.37,13.05846252,0.03607,436.69623122,828.3
HD 110113 b,HD 110113,735.49,2.05,0.035,4.55,1371.0
HD 118203 b,HD 118203,755.3,12.73340208,0.07071,688.41632956,1494.0
HD 118203 b,HD 118203,593.4,12.06086323,0.08635,725.28442477,1360.0
HD 135694 b,HD 135694,73.7,2.51,0.12,5.7,815.0
HD 136352 b,HD 136352,111.6,1.664,0.0964,4.72,905.0
HD 136352 b,HD 136352,114.0,1.482,0.0969,4.62,911.0
HD 136352 c,HD 136352,35.1,2.916,0.1721,11.24,677.0
HD 136352 c,HD 136352,36.0,2.608,0.1729,11.29,682.0
HD 136352 d,HD 136352,5.74,2.562,0.425,8.82,431.0
HD 1397 b,HD 1397,356.0,11.500434,0.1097,131.89945,1228.3
HD 183579 b,HD 183579,58.1,3.55,0.1334,19.7,769.0
HD 18599 b,HD 18599,145.0,2.7,0.05,25.5,863.0
HD 189733 b,HD 189733,356.0,12.542871,0.03106,370.58978,1209.0
HD 191939 b,HD 191939,100.0,3.41,0.0804,10.0,880.0
HD 191939 c,HD 191939,21.0,3.195,0.1752,8.0,600.0
HD 191939 d,HD 191939,14.3,2.995,0.2132,2.8,540.0
HD 202772 A b,HD 202772 A,3440.0,17.317905,0.05208,323.23311,2132.0
HD 20329 b,HD 20329,3474.0,1.72,0.018,7.42,2141.0
HD 207496 b,HD 207496,72.9,2.25,0.0629,6.1,743.0
HD 207897 b,HD 207897,26.5,2.501,0.1163,14.4,632.2
HD 219134 b,HD 219134,176.2,1.602,0.03876,4.74,1015.0
HD 219134 c,HD 219134,62.1,1.511,0.0653,4.36,782.0
HD 219134 d,HD 219134,4.72,1.61,0.237,16.17,410.5
HD 219134 f,HD 219134,12.38,1.31,0.1463,7.3,522.6
HD 22946 d,HD 22946,18.561,2.607,0.2958,26.57,546.0
HD 23472 b,HD 23472,16.0,2.0,0.1162,8.32,543.0
HD 23472 c,HD 23472,7.96,1.87,0.1646,3.41,467.0
HD 23472 d,HD 23472,117.0,0.75,0.04298,0.55,909.0
HD 23472 e,HD 23472,46.7,0.818,0.068,0.72,723.0
HD 23472 f,HD 23472,26.3,1.137,0.0906,0.77,630.0
HD 25463 b,HD 25463,461.4,2.62,0.076,8.5,1290.0
HD 25463 c,HD 25463,1413.5,1.5,0.0435,4.1,1707.0
HD 260655 b,HD 260655,42.2,1.24,0.02933,2.14,709.0
HD 260655 c,HD 260655,16.1,1.533,0.04749,3.09,557.0
HD 3167 b,HD 3167,1650.0,1.67,0.01796,4.97,1774.0
HD 3167 c,HD 3167,16.9,3.0,0.1776,11.13,564.0
HD 332231 b,HD 332231,98.09,9.718203,0.1436,77.55052,876.0
HD 42813 b,HD 42813,74.7,3.41,0.111,9.1,716.0
HD 42813 b,HD 42813,61.0,3.48,0.107,9.6,777.0
HD 42813 b,HD 42813,54.1,3.36,0.109,5.8,755.0
HD 5278 b,HD 5278,132.0,2.45,0.1202,7.8,943.0
HD 6061 b,HD 6061,339.1,2.45,0.059,10.8,1194.0
HD 73583 b,HD 73583,43.3,2.79,0.0604,10.2,714.0
HD 73583 b,HD 73583,46.2,2.84,0.05995,15.9,742.7
HD 73583 c,HD 73583,10.2,2.39,0.1242,9.7,498.0
HD 73583 c,HD 73583,11.76,2.73,0.1233,22.5,517.8
HD 80653 b,HD 80653,6130.0,1.613,0.01661,5.72,2463.0
HD 93963 A b,HD 93963 A,2898.0,1.35,0.02085,7.8,2042.0
HD 93963 A c,HD 93963 A,543.8,3.228,0.04813,19.2,1344.0
HD 95338 b,HD 95338,7.42,3.89,0.262,42.44,385.0
HIP 116454 b,HIP 116454,51.2858,2.469,0.0792,9.7,753.2
HIP 116454 b,HIP 116454,51.4,2.53,0.07765,10.1,745.0
HIP 29442 c,HD 42813,373.0,1.58,0.0436,4.5,1217.0
HIP 29442 c,HD 42813,451.0,1.551,0.04518,4.5,1123.0
HIP 29442 d,HD 42813,203.0,1.538,0.0673,5.14,920.0
HIP 29442 d,HD 42813,167.0,1.37,0.0649,5.1,998.0
HIP 65 A b,HIP 65 A,661.0,22.75427,0.01782,1021.18779,1411.0
HIP 8152 b,HIP 8152,88.9,2.56,0.092,7.8,855.0
HIP 8152 c,HIP 8152,39.9,2.48,0.138,9.4,699.0
HIP 9618 b,HIP 9618,36.8,3.75,0.144,8.4,685.0
HIP 9618 b,HIP 9618,40.3,3.9,0.1438,10.0,663.4
HIP 9618 c,HIP 9618,11.7,3.343,0.2669,18.3,486.9
HIP 9618 c,HIP 9618,10.7,3.34,0.268,7.9,503.0
K2-100 b,K2-100,1915.0,3.88,0.0301,21.8,1841.0
K2-108 b,K2-108,762.0,5.28,0.0573,59.4,1446.0
K2-110 b,K2-110,27.7,2.592,0.10207,15.9,638.0
K2-111 b,K2-111,490.0,1.82,0.0565,5.58,1309.0
K2-114 b,K2-114,40.0,10.44677001,0.0943,638.83509807,701.0
K2-12 b,K2-12,185.0,2.44,0.0792,5.2,1026.0
K2-131 b,K2-131,4070.0,1.69,0.00936,7.9,2223.0
K2-136 b,K2-136,33.5,1.014,0.0707,4.3,610.0
K2-136 c,K2-136,11.91,3.0,0.1185,18.1,470.0
K2-136 d,K2-136,7.07,1.565,0.1538,3.0,420.0
K2-140 b,K2-140,204.0,13.56286665,0.068,295.58041851,962.0
K2-140 b,K2-140,188.5,12.273855,0.0591,323.86877,1114.0
K2-141 b,K2-141,3260.0,1.51,0.00747,4.97,2103.0
K2-141 c,K2-141,39.1,7.0,0.0683,8.0,695.0
K2-157 b,K2-157,6660.0,0.935,0.00962,1.14,2432.0
K2-167 b,K2-167,317.0,2.3,0.091,6.5,1174.0
K2-18 b,K2-18,1.005,2.61,0.1591,8.63,254.9
K2-180 b,K2-180,67.0,2.24179614,0.075,11.44182265,729.0
K2-182 b,K2-182,146.9,2.69,0.0526,20.0,969.0
K2-199 b,K2-199,116.2,1.73,0.0382,6.9,913.0
K2-199 c,K2-199,38.6,2.85,0.0662,12.4,694.0
K2-216 b,K2-216,248.0,1.75,0.028,8.0,1103.0
K2-222 b,K2-222,96.0,2.35,0.1206,8.7,871.0
K2-233 b,K2-233,269.0,1.315,0.03293,2.4,1127.0
K2-233 c,K2-233,66.2,1.272,0.0664,4.6,794.0
K2-233 d,K2-233,12.7,2.363,0.1516,10.3,525.0
K2-237 b,K2-237,1860.0,16.19697711,0.03558,433.20011874,1828.0
K2-24 b,K2-24,60.0,5.68,0.154,21.0,767.0
K2-24 c,K2-24,24.0,7.82,0.247,27.0,606.0
K2-25 b,K2-25,9.91,3.44,0.0287,24.5,494.0
K2-261 b,K2-261,180.0,9.52763359,0.1034,59.75174052,1046.0
K2-261 b,K2-261,180.0,9.50521563,0.1087,67.69745069,1030.0
K2-263 b,K2-263,8.17,2.41,0.2573,14.9,470.0
K2-266 d,K2-266,13.95,2.93,0.1035,8.9,538.3
K2-266 e,K2-266,9.581,2.73,0.1249,14.3,490.1
K2-27 b,K2-27,116.0,4.48,0.06702,30.9,902.0
K2-285 b,K2-285,234.31,2.59,0.03817,9.68,1088.9
K2-285 c,K2-285,50.35,3.53,0.0824,15.68,741.4
K2-285 d,K2-285,24.61,2.48,0.1178,6.5,619.9
K2-285 e,K2-285,10.5,1.95,0.18041,10.7,500.9
K2-292 b,K2-292,67.0,2.63,0.13,24.5,795.0
K2-3 b,K2-3,10.5,2.078,0.0747,5.11,501.3
K2-3 b,K2-3,11.6,2.25,0.0778,6.47,513.0
K2-3 c,K2-3,3.51,1.69,0.1414,3.3,381.0
K2-3 c,K2-3,3.17,1.582,0.1357,2.68,371.8
K2-3 d,K2-3,1.44,1.458,0.2014,2.2,305.2
K2-3 d,K2-3,1.6,1.62,0.2097,1.6,312.0
K2-32 b,K2-32,77.7,5.13,0.08036,16.5,817.0
K2-32 c,K2-32,25.6,3.01,0.1399,12.1,619.0
K2-32 d,K2-32,14.5,3.43,0.1862,10.3,537.0
K2-329 b,K2-329,45.7,8.675766,0.1016,82.6358,650.0
K2-36 b,K2-36,529.0,1.43,0.0223,3.9,1224.0
K2-36 b,K2-36,519.0,1.43,0.02288,4.3,1328.0
K2-36 c,K2-36,90.0,3.2,0.054,7.8,788.0
K2-36 c,K2-36,89.0,3.2,0.05528,7.9,854.0
K2-38 b,K2-38,490.0,1.655,0.0503,7.7,1310.0
K2-38 b,K2-38,426.0,1.54,0.04994,7.3,1266.0
K2-38 b,K2-38,465.9,1.55,0.0506,12.0,1184.0
K2-38 c,K2-38,135.3,2.49,0.0959,7.4,949.0
K2-38 c,K2-38,128.3,2.42,0.0964,9.9,858.0
K2-38 c,K2-38,117.0,2.29,0.09514,8.3,916.0
K2-39 b,K2-39,1356.0,5.71,0.0574,39.8,1670.0
K2-415 b,K2-415,4.82,1.015,0.027,7.5,412.4
K2-419 A b,K2-419 A,3.3,10.55,0.1208,196.0,377.0
K2-66 b,K2-66,840.0,2.49,0.05983,21.3,1372.0
K2-79 b,K2-79,181.0,4.09,0.0988,9.2,1022.0
KELT-10 b,KELT-10,600.0,15.681391,0.0525,215.80657,1377.0
KELT-11 b,KELT-11,1433.0,15.35633,0.06229,61.97685,1712.0
KELT-12 b,KELT-12,1749.0,19.95202,0.06708,301.9385,1800.0
KELT-18 b,KELT-18,3152.0,17.59813,0.0455,375.0394,2085.0
KELT-19 A b,KELT-19 A,2340.0,21.40919,0.0637,1293.5681,1935.0
KELT-20 b,KELT-20,4362.5,19.514869,0.0542,1074.90106,2262.0
KELT-21 b,KELT-21,2950.0,17.777474,0.05224,1242.7153,2051.0
KELT-23 A b,KELT-23 A,991.183,14.829507,0.03302,298.12454,1561.0
KELT-24 b,KELT-24,750.9,14.257848,0.06969,1646.3594,1459.0
KELT-24 b,KELT-24,624.0,12.71098411,0.0665,1458.83238813,1391.0
KELT-4 A b,KELT-4 A,1840.0,19.044091,0.04317,286.68266,1823.0
KELT-9 b,KELT-9,44900.0,21.196219,0.03462,915.3504,4050.0
KOI-134 b,KOI-134,45.0,12.03844527,0.363,346.43296363,659.0
KOI-4777.01,KOI-4777,320.0,0.51,0.008,99.2,1180.0
KPS-1 b,KPS-1,729.0,11.54527,0.0269,346.4347,1459.0
Kepler-10 b,Kepler-10,3820.0,1.47,0.01685,3.26,2188.0
Kepler-10 c,Kepler-10,18.68,2.355,0.241,11.4,578.0
Kepler-102 b,Kepler-102,90.0,0.46,0.05521,1.1,857.0
Kepler-102 c,Kepler-102,61.0,0.567,0.06702,1.7,777.0
Kepler-102 d,Kepler-102,36.9,1.154,0.08618,3.0,686.0
Kepler-102 e,Kepler-102,20.3,2.17,0.1162,4.7,590.0
Kepler-102 f,Kepler-102,10.0,0.861,0.1656,4.3,495.0
Kepler-103 b,Kepler-103,149.9,3.486,0.13223,9.8,973.0
Kepler-103 c,Kepler-103,5.95,5.45,0.6639,38.0,434.0
Kepler-107 b,Kepler-107,1073.0,1.536,0.04544,3.8,1592.0
Kepler-107 c,Kepler-107,602.0,1.597,0.06064,10.0,1378.0
Kepler-107 d,Kepler-107,315.0,0.86,0.08377,7.7,1173.0
Kepler-107 e,Kepler-107,138.7,2.903,0.12638,14.1,955.0
Kepler-109 b,Kepler-109,442.0,2.49,0.0701,4.9,1276.0
Kepler-109 c,Kepler-109,91.0,2.65,0.1546,8.2,859.0
Kepler-111 c,Kepler-111,2.48,7.0840758,0.751,222.4798849,352.2
Kepler-138 b,Kepler-138,9.9,0.64,0.0753,0.07,452.0
Kepler-138 c,Kepler-138,6.8,1.51,0.0913,2.3,410.0
Kepler-138 d,Kepler-138,3.4,1.51,0.1288,2.1,345.0
Kepler-1514 b,Kepler-1514,3.23,12.419572,0.753,1678.1424,387.9
Kepler-1654 b,Kepler-1654,0.3,9.180171,2.026,158.915,206.0
Kepler-1655 b,Kepler-1655,129.1,2.213,0.1029,5.4,938.0
Kepler-1661 b,Kepler-1661,0.88,3.87,0.633,17.0,243.0
Kepler-1704 b,Kepler-1704,0.342,11.94877343,2.027,1322.16617312,253.8
Kepler-1876 b,Kepler-1876,475.0,0.853,0.0758,2.4,1299.0
Kepler-19 b,Kepler-19,87.6,2.209,0.0846,6.1,851.0
Kepler-20 b,Kepler-20,331.0,1.773,0.04565,9.7,1187.0
Kepler-20 c,Kepler-20,78.7,2.894,0.0936,11.1,828.0
Kepler-20 d,Kepler-20,5.71,2.606,0.3474,13.4,430.0
Kepler-20 e,Kepler-20,169.8,0.821,0.0637,0.76,1004.0
Kepler-20 f,Kepler-20,35.9,0.952,0.1387,1.4,681.0
Kepler-21 b,Kepler-21,2749.0,1.639,0.0434,7.5,2015.0
Kepler-22 b,Kepler-22,1.013,2.1,0.812,9.1,279.0
Kepler-278 b,Kepler-278,110.0,3.955,0.202,56.0,586.0
Kepler-278 c,Kepler-278,54.3,3.268,0.287,34.9,492.0
Kepler-323 b,Kepler-323,1900.0,1.381,0.02778,3.9,1838.0
Kepler-323 c,Kepler-323,700.0,1.57,0.0458,6.8,1431.0
Kepler-37 b,Kepler-37,44.5,0.3098,0.1019,0.79,718.0
Kepler-37 c,Kepler-37,23.9,0.755,0.139,1.3,615.0
Kepler-37 d,Kepler-37,10.39,2.03,0.2109,2.0,499.0
Kepler-391 b,Kepler-391,690.0,2.5,0.083,1100.0,930.0
Kepler-391 c,Kepler-391,179.0,2.88,0.164,450.0,662.0
Kepler-409 b,Kepler-409,6.15,1.199,0.3192,6.0,438.0
Kepler-454 b,Kepler-454,117.7,2.37,0.09528,5.4,916.0
Kepler-538 b,Kepler-538,2.99,2.215,0.4669,10.6,380.0
Kepler-538 b,Kepler-538,5.07,2.215,0.3554,12.9,417.0
Kepler-553 b,Kepler-553,235.0,4.74139884,0.04766,116.00736855,1089.0
Kepler-553 c,Kepler-553,0.589,11.57887706,0.898,2129.4503269,251.0
Kepler-68 b,Kepler-68,441.0,2.357,0.06135,8.03,1275.0
Kepler-68 c,Kepler-68,204.0,0.979,0.09008,1.3,1052.0
Kepler-78 b,Kepler-78,4070.0,1.201,0.00901,1.68,2223.0
Kepler-849 b,Kepler-849,2.86,8.08167508,1.137,298.75870258,362.7
Kepler-93 b,Kepler-93,275.0,1.478,0.05343,4.66,1133.0
L 98-59 b,L 98-59,24.5,0.837,0.0223,0.46,620.0
L 98-59 b,L 98-59,24.7,0.85,0.02191,0.4,627.0
L 98-59 c,L 98-59,12.8,1.385,0.0304,2.22,553.0
L 98-59 c,L 98-59,12.7,1.329,0.0309,2.0,526.0
L 98-59 d,L 98-59,5.01,1.521,0.0486,1.94,416.0
L 98-59 d,L 98-59,4.97,1.627,0.0494,1.64,416.0
LHS 1140 b,LHS 1140,0.46,1.43,0.0875,6.65,230.0
LHS 1140 b,LHS 1140,0.43,1.73,0.0946,5.6,226.0
LHS 1140 b,LHS 1140,0.503,1.727,0.0936,6.98,235.0
LHS 1140 c,LHS 1140,5.3,1.272,0.027,1.91,422.0
LHS 1140 c,LHS 1140,6.16,1.282,0.02675,1.81,438.0
LP 791-18 c,LP 791-18,2.637,2.438,0.02961,7.1,324.4
LP 791-18 d,LP 791-18,5.83,1.032,0.01992,0.9,395.5
LP 890-9 b,LP 890-9,4.09,1.32,0.01875,13.2,396.0
LP 890-9 c,LP 890-9,0.906,1.367,0.03984,25.3,272.0
LTT 1445 A b,LTT 1445 A,5.4,1.305,0.03813,2.87,424.0
LTT 1445 A b,LTT 1445 A,5.7,1.34,0.0381,2.73,431.0
LTT 1445 A c,LTT 1445 A,11.7,1.07,0.02659,1.37,516.0
LTT 1445 A c,LTT 1445 A,10.9,1.147,0.02661,1.54,508.0
LTT 3780 b,LTT 3780,116.0,1.35,0.01203,2.34,1000.0
LTT 3780 b,LTT 3780,106.0,1.332,0.01211,2.62,892.0
LTT 3780 b,LTT 3780,111.0,1.325,0.01195,2.46,903.0
LTT 3780 c,LTT 3780,2.76,2.39,0.0757,8.04,359.0
LTT 3780 c,LTT 3780,2.88,2.42,0.0762,6.29,397.0
LTT 3780 c,LTT 3780,2.63,2.3,0.07673,8.6,353.0
NGTS-1 b,NGTS-1,65.3,14.90797,0.0326,258.07796,790.0
NGTS-12 b,NGTS-12,416.0,11.747032,0.0757,66.10864,1257.0
NGTS-13 b,NGTS-13,1096.0,12.800678,0.0549,1538.2972,1605.0
NGTS-15 b,NGTS-15,425.0,12.32987877,0.0441,238.68913366,1146.0
NGTS-16 b,NGTS-16,480.0,14.57167491,0.0523,211.99154747,1177.0
NGTS-17 b,NGTS-17,1160.0,13.89913607,0.0391,242.82090295,1457.0
NGTS-18 b,NGTS-18,845.0,13.56286665,0.0448,129.99181846,1381.0
NGTS-26 b,NGTS-26,523.0,14.88552637,0.049,92.80589484,1331.0
NGTS-27 b,NGTS-27,1680.0,15.64773706,0.0446,188.47224535,1783.0
NGTS-33 b,NGTS-33,2620.0,18.38272835,0.048,1153.71711741,1991.0
NGTS-8 b,NGTS-8,503.0,12.21781,0.035,295.5819,1345.0
NGTS-9 b,NGTS-9,729.0,11.99363,0.058,921.707,1448.0
PH2 b,PH2,1.2,9.33708092,0.833,87.08498352,295.1
Qatar-3 b,Qatar-3,1330.0,12.285064,0.03783,1369.8473,1681.0
Qatar-4 b,Qatar-4,614.0,12.722215,0.02803,1938.763,1385.0
Qatar-5 b,Qatar-5,669.0,12.408363,0.04127,1373.0256,1415.0
Ross 176 b,Ross 176,36.2,1.84,0.0464,4.57,682.0
TIC 139270665 b,TIC 139270665,40.3,7.22979255,0.163,147.15455244,703.0
TIC 393818343 b,TIC 393818343,2.28,12.18416202,0.1291,1379.37528638,805.5
TOI-1052 b,TOI-1052,246.0,2.87,0.09103,16.9,1135.0
TOI-1062 b,TOI-1062,232.0,2.265,0.052,10.15,1077.0
TOI-1064 b,TOI-1064,62.9,2.587,0.06152,13.5,784.0
TOI-1064 c,TOI-1064,26.8,2.651,0.09429,2.5,634.0
TOI-1075 b,TOI-1075,509.2,1.791,0.01159,9.95,1323.0
TOI-1107 b,TOI-1107,532.0,14.57167491,0.0561,1064.72516345,1728.0
TOI-1117 b,TOI-1117,928.0,2.46,0.033,8.9,1538.0
TOI-1130 b,TOI-1130,78.1,3.56,0.04457,19.28,632.17
TOI-1130 c,TOI-1130,30.0,13.32,0.07191,325.69,497.7
TOI-1173 b,TOI-1173,132.0,9.19,0.0696,27.4,868.0
TOI-1201 b,TOI-1201,40.6,2.415,0.0287,6.28,703.0
TOI-1221 b,TOI-1221,6.06,2.91,0.387,1112.3994245,440.0
TOI-1231 b,TOI-1231,1.93,3.65,0.1288,15.4,329.6
TOI-1235 b,TOI-1235,53.6,1.738,0.03845,6.91,754.0
TOI-1235 b,TOI-1235,60.3,1.694,0.03826,5.9,775.0
TOI-1238 b,TOI-1238,442.0,1.21,0.0139,3.76,1133.0
TOI-1238 c,TOI-1238,63.0,2.11,0.037,8.32,695.0
TOI-1246 b,TOI-1246,196.0,3.01,0.049,8.1,955.0
TOI-1246 c,TOI-1246,129.0,2.51,0.061,8.8,860.0
TOI-1246 d,TOI-1246,28.0,3.51,0.131,5.3,586.0
TOI-1246 e,TOI-1246,11.0,3.78,0.211,14.8,462.0
TOI-125 b,TOI-125,185.0,2.726,0.05186,9.5,1037.0
TOI-125 c,TOI-125,77.59,2.759,0.0814,6.63,827.8
TOI-125 d,TOI-125,26.7,2.93,0.137,13.6,638.1
TOI-1260 b,TOI-1260,95.58,2.41,0.0367,8.56,871.0
TOI-1260 b,TOI-1260,91.0,2.34,0.0366,8.6,860.0
TOI-1260 c,TOI-1260,28.4,2.82,0.0656,11.8,643.0
TOI-1260 c,TOI-1260,29.81,2.76,0.0657,13.2,651.0
TOI-1260 d,TOI-1260,10.32,3.12,0.1116,11.84,499.0
TOI-1266 b,TOI-1266,4.72,2.458,0.0745,15.9,410.0
TOI-1266 b,TOI-1266,5.5,2.62,0.0728,4.23,425.0
TOI-1266 b,TOI-1266,4.9,2.37,0.0736,13.5,413.0
TOI-1266 c,TOI-1266,2.3,1.56,0.1058,2.2,344.0
TOI-1266 c,TOI-1266,2.7,2.13,0.1047,2.88,354.0
TOI-1266 c,TOI-1266,2.42,1.673,0.1037,6.4,347.1
TOI-1295 b,TOI-1295,1800.0,15.69257298,0.047,451.31633794,2360.0
TOI-132 b,TOI-132,860.0,3.42,0.026,22.4,1395.0
TOI-1386 b,TOI-1386,34.68,6.05284958,0.1732,47.03860424,676.4
TOI-1416 b,TOI-1416,883.0,1.62,0.019,3.48,1517.0
TOI-1420 b,TOI-1420,139.0,11.89,0.071,25.1,957.0
TOI-1431 b,TOI-1431,5300.0,16.70138124,0.046,991.62462984,2370.0
TOI-1438 b,TOI-1438,145.0,3.04,0.0553,9.4,971.0
TOI-1438 c,TOI-1438,65.0,2.75,0.083,10.6,794.0
TOI-1448 b,TOI-1448,5.45,2.749,0.0567,19.5,426.0
TOI-1452 b,TOI-1452,1.8,1.672,0.061,4.82,326.0
TOI-1468 b,TOI-1468,36.4,1.401,0.02107,3.04,683.5
TOI-1468 c,TOI-1468,2.13,2.126,0.08608,4.1,338.1
TOI-1470 b,TOI-1470,46.3,2.18,0.0285,7.32,734.0
TOI-1470 c,TOI-1470,3.35,2.47,0.106,7.24,373.0
TOI-157 b,TOI-157,1062.0,14.414774,0.03138,375.0394,1588.0
TOI-1634 b,TOI-1634,121.0,1.79,0.01545,4.91,924.0
TOI-1685 b,TOI-1685,236.0,1.468,0.01138,3.03,1062.0
TOI-169 b,TOI-169,1443.0,12.172974,0.03524,251.40353,1715.0
TOI-1695 b,TOI-1695,39.0,1.9,0.033548,6.36,698.0
TOI-1696 b,TOI-1696,13.5,3.24,0.0235,56.6,533.0
TOI-1710 b,TOI-1710,33.0,5.15,0.164,18.4,730.0
TOI-172 b,TOI-172,299.0,10.816685,0.0914,1722.6386,1198.0
TOI-1728 b,TOI-1728,57.78,5.05,0.0391,26.78,767.0
TOI-1736 b,TOI-1736,329.6,3.05,0.074,11.9,1186.0
TOI-1759 b,TOI-1759,6.39,3.14,0.1177,10.8,443.0
TOI-1789 b,TOI-1789,2300.0,16.14093221,0.04882,222.4798849,1927.0
TOI-1803 b,TOI-1803,58.0,2.99,0.06,10.32,747.0
TOI-1803 c,TOI-1803,22.0,4.29,0.097,8.0,588.0
TOI-181 b,TOI-181,102.43,6.9559,0.0539,46.1687,895.1
TOI-1899 b,TOI-1899,2.9,12.89035,0.1587,209.7678,362.0
TOI-1899 b,TOI-1899,3.4,11.09689089,0.1525,212.94503269,378.0
TOI-1937 A b,TOI-1937 A,3230.0,13.97759893,0.01932,638.83509807,2097.0
TOI-2000 b,TOI-2000,628.0,2.7,0.04271,11.0,1488.0
TOI-2000 c,TOI-2000,149.0,8.14,0.0878,81.7,1038.0
TOI-2010 b,TOI-2010,4.09,11.81426566,0.5516,408.7273314,400.2
TOI-2015 b,TOI-2015,11.47,3.39,0.0301,16.4,512.0
TOI-2015 b,TOI-2015,13.185,3.309,0.029322,9.2,530.9
TOI-2031 A b,TOI-2031 A,567.0,14.20177855,0.066,254.2627256,1358.0
TOI-2095 b,TOI-2095,3.43,1.25,0.101,4.1,347.0
TOI-2095 c,TOI-2095,1.84,1.33,0.137,7.4,297.0
TOI-2120 b,TOI-2120,3.61,2.122,0.0377,6.8,384.0
TOI-2134 b,TOI-2134,32.0,2.69,0.078,9.13,666.0
TOI-2134 c,TOI-2134,1.4,7.27,0.371,41.89,306.0
TOI-2136 b,TOI-2136,4.4,2.09,0.054,15.0,403.0
TOI-2136 b,TOI-2136,4.0,2.19,0.057,6.37,395.0
TOI-2136 b,TOI-2136,4.82,2.2,0.0533,4.7,378.0
TOI-216.01,TOI-216,10.1,11.29,0.2069,200.0,497.0
TOI-216.02,TOI-216,25.9,7.69,0.1293,30.0,628.0
TOI-2169 A b,TOI-2169 A,577.0,12.50922246,0.0896,329.58805806,1364.0
TOI-2180 b,TOI-2180,2.71,11.32107051,0.828,875.61726129,348.0
TOI-2193 A b,TOI-2193 A,1600.0,19.83989584,0.03319,298.75870258,1763.0
TOI-2196 b,TOI-2196,2000.0,3.51,0.02234,26.0,1860.0
TOI-2207 b,TOI-2207,406.0,11.1529358,0.0854,203.41018048,1259.0
TOI-2236 b,TOI-2236,1356.0,14.36991326,0.05009,502.16888306,1688.0
TOI-2285 b,TOI-2285,1.54,1.74,0.1363,19.5,284.0
TOI-2322 b,TOI-2322,22.04,0.994,0.0924,2.31,603.1
TOI-2322 c,TOI-2322,10.15,1.874,0.1362,18.1,496.8
TOI-2346 b,TOI-2346,1360.0,16.11851425,0.0473,394.10722468,1689.0
TOI-2364 b,TOI-2364,237.0,8.60849718,0.04871,71.51139158,1091.0
TOI-2379 b,TOI-2379,25.3,11.72459381,0.05263,1830.69162432,624.0
TOI-238 b,TOI-238,728.0,1.402,0.02118,3.4,1311.0
TOI-238 c,TOI-238,58.3,2.18,0.0749,6.7,696.0
TOI-2382 b,TOI-2382,689.0,12.25141591,0.059,235.19302118,1426.0
TOI-2384 b,TOI-2384,104.3,11.48920522,0.02793,624.85064816,889.7
TOI-2406 b,TOI-2406,6.69,2.86,0.02267,15.6,449.0
TOI-2420 b,TOI-2420,1017.0,15.02003414,0.0684,294.62693329,1571.6
TOI-2421 b,TOI-2421,923.6,10.36830715,0.0543,105.83685953,1534.0
TOI-244 b,TOI-244,7.3,1.52,0.0559,2.68,458.0
TOI-2458 b,TOI-2458,865.0,2.83,0.0482,13.31,1509.4
TOI-2485 b,TOI-2485,275.6,12.1393261,0.1093,766.60211768,1134.0
TOI-2567 b,TOI-2567,558.0,10.92875618,0.0672,63.88350981,1352.0
TOI-257 b,TOI-257,186.0,7.16253867,0.1528,43.86032017,1027.0
TOI-2570 b,TOI-2570,699.0,13.64132951,0.04145,260.61929374,1431.0
TOI-2580 b,TOI-2580,1730.0,17.37392009,0.048,200.23189641,2410.0
TOI-2583 A b,TOI-2583 A,750.9,14.4595851,0.0571,79.45710175,1456.0
TOI-2587 A b,TOI-2587 A,728.0,12.07207221,0.0635,69.28659273,1445.0
TOI-2641 b,TOI-2641,602.0,18.10250383,0.0607,122.6817651,1387.0
TOI-269 b,TOI-269,19.0,2.77,0.0345,8.8,531.0
TOI-2796 b,TOI-2796,352.0,17.26183028,0.0569,139.84449908,1205.0
TOI-2803 A b,TOI-2803 A,2150.0,18.11371281,0.03185,309.88269682,1893.0
TOI-2818 b,TOI-2818,598.0,15.27784069,0.0493,225.65816897,1376.0
TOI-2842 b,TOI-2842,781.8,12.84549188,0.0475,117.59651059,1471.0
TOI-2876 b,TOI-2876,124.2,9.6397234,0.0654,54.03082919,929.0
TOI-2886 b,TOI-2886,2560.0,18.6405349,0.02871,444.9597698,1978.0
TOI-2969 b,TOI-2969,382.0,12.32987877,0.0261,368.68095212,1186.0
TOI-2977 b,TOI-2977,947.8,13.15934334,0.03386,533.95172376,1544.0
TOI-2986 b,TOI-2986,1156.0,9.292245,0.04489,96.61983573,1622.0
TOI-2989 b,TOI-2989,124.0,12.55405838,0.0384,953.485221,1001.0
TOI-2992 b,TOI-2992,1484.0,13.75341932,0.0434,1058.36859531,1726.0
TOI-3023 b,TOI-3023,1084.0,16.43236571,0.0505,197.05361234,1596.0
TOI-3135 b,TOI-3135,464.0,13.65253849,0.04756,327.36325921,1292.0
TOI-3160 A b,TOI-3160 A,933.0,13.7646283,0.0505,378.21580433,1539.0
TOI-3261 b,TOI-3261,1466.0,3.82,0.01714,30.3,1722.0
TOI-3331 A b,TOI-3331 A,818.5,12.97999965,0.03144,721.47048389,1488.0
TOI-3364 b,TOI-3364,425.0,12.22899794,0.0675,530.77343969,1264.0
TOI-3464 b,TOI-3464,1370.0,13.7646283,0.0515,397.28550875,1693.0
TOI-3474 b,TOI-3474,740.0,14.67255574,0.0502,193.87532827,1451.0
TOI-3486 b,TOI-3486,334.0,10.5700688,0.03138,99.16246298,1190.0
TOI-3523 A b,TOI-3523 A,2590.0,15.9727975,0.03559,435.42491759,1984.0
TOI-3540 A b,TOI-3540 A,841.3,23.53885947,0.04289,375.03752026,1498.0
TOI-3593 b,TOI-3593,308.0,11.02963701,0.0481,565.73456446,1170.0
TOI-3629 b,TOI-3629,43.0,8.29464572,0.04194,77.2323029,711.0
TOI-3629 b,TOI-3629,39.0,8.29464572,0.043,82.63538582,690.0
TOI-3682 b,TOI-3682,1258.0,12.80065596,0.048,69.28659273,1657.0
TOI-3688 A b,TOI-3688 A,924.3,13.08088048,0.0456,311.47183886,1534.0
TOI-3693 b,TOI-3693,68.6,12.59889431,0.0813,324.18497514,801.0
TOI-3714 b,TOI-3714,54.0,11.32107051,0.027,222.4798849,750.0
TOI-3714 b,TOI-3714,57.0,11.14172682,0.0263,218.98377242,764.0
TOI-3757 b,TOI-3757,55.4,12.0,0.03845,85.3,759.0
TOI-3785 b,TOI-3785,19.1,5.14,0.043,14.95,582.0
TOI-3807 b,TOI-3807,1230.0,18.49481816,0.0421,330.54154328,1646.0
TOI-3819 b,TOI-3819,1186.0,13.13692538,0.04611,352.78953177,1633.0
TOI-3856 b,TOI-3856,949.0,13.59649359,0.0325,171.62733978,1544.0
TOI-3877 b,TOI-3877,729.0,11.67975789,0.0529,99.7981198,1445.0
TOI-3884 b,TOI-3884,6.29,6.43,0.0361,32.59,441.0
TOI-3884 b,TOI-3884,7.42,6.0,0.0354,16.5,463.0
TOI-3912 b,TOI-3912,872.2,14.28024141,0.0463,129.03833324,1512.0
TOI-3976 A b,TOI-3976 A,469.0,12.27383387,0.0743,55.61997123,1295.0
TOI-3980 b,TOI-3980,1153.0,14.4595851,0.0494,187.51876013,1621.0
TOI-3984 A b,TOI-3984 A,16.7,7.9,0.041,44.0,563.0
TOI-4010 b,TOI-4010,714.0,3.02,0.0229,11.0,1441.0
TOI-4010 c,TOI-4010,112.0,5.93,0.058,20.31,907.0
TOI-4010 d,TOI-4010,30.0,6.18,0.113,38.15,650.0
TOI-406 c,TOI-406,19.0,1.32,0.0322,2.08,584.0
TOI-406.01,TOI-406,3.0,2.08,0.0809,6.57,368.0
TOI-4087 b,TOI-4087,753.9,13.04725353,0.04469,232.01473711,1458.0
TOI-411 b,HD 22946,495.139,1.362,0.05727,13.71,1241.0
TOI-411 c,HD 22946,156.75,2.328,0.1017,9.72,931.0
TOI-4127 b,TOI-4127,22.3,12.28504285,0.3081,731.0053361,605.1
TOI-4137 b,TOI-4137,1013.0,13.57407563,0.05222,457.67290608,1570.0
TOI-4145 A b,TOI-4145 A,223.0,13.30506009,0.04823,136.66621501,1074.0
TOI-4201 b,TOI-4201,53.0,12.66614819,0.03924,816.81900599,750.0
TOI-4201 b,TOI-4201,49.6,12.69,0.03944,825.0,739.0
TOI-4201 b,TOI-4201,45.2,13.67495645,0.04,788.21444936,725.0
TOI-421 b,TOI-421,154.57,2.68,0.056,7.17,981.4
TOI-421 c,TOI-421,34.32,5.09,0.1189,16.42,673.6
TOI-4214 b,TOI-4214,1210.0,10.68215861,0.05018,165.27077164,1642.0
TOI-4438 b,TOI-4438,6.0,2.52,0.0534,5.4,435.0
TOI-4463 A b,TOI-4463 A,633.0,13.26022417,0.04036,252.35575516,1395.0
TOI-4487 A b,TOI-4487 A,1203.0,14.60530185,0.05448,397.28550875,1639.0
TOI-4603 b,TOI-4603,1192.0,11.67975789,0.0888,4096.80816623,1677.0
TOI-4734 b,TOI-4734,775.0,10.9175472,0.074,61.65871096,1468.0
TOI-4791 b,TOI-4791,783.2,12.44196858,0.0555,734.18362017,1472.0
TOI-4794 b,TOI-4794,1310.0,14.35870428,0.0492,308.29355479,1673.0
TOI-4860 b,TOI-4860,42.5,8.7,0.01808,86.7,694.0
TOI-4961 b,TOI-4961,115.0,12.34108775,0.0726,572.0911326,919.0
TOI-4994 b,TOI-4994,40.0,8.54124329,0.1515,88.99195396,717.6
TOI-500 b,TOI-500,1138.0,1.166,0.01189,1.42,1617.0
TOI-5005 b,TOI-5005,226.0,6.25,0.06614,32.7,1040.0
TOI-5181 A b,TOI-5181 A,1053.0,13.34989601,0.0522,330.54154328,1585.0
TOI-519 b,TOI-519,54.0,11.87031056,0.01648,166.85991368,754.0
TOI-5205 b,TOI-5205,49.0,11.6,0.0199,343.0,737.0
TOI-5210 b,TOI-5210,456.0,10.72699453,0.0557,81.99972901,1286.0
TOI-5218 b,TOI-5218,62.0,9.86,0.0469,657.0,783.0
TOI-5293 A b,TOI-5293 A,34.6,11.9,0.034,170.4,675.0
TOI-5300 b,TOI-5300,198.0,9.86390302,0.0295,190.6970442,1043.0
TOI-532 b,TOI-532,94.1,5.82,0.0296,61.5,867.0
TOI-5322 b,TOI-5322,554.0,16.6117094,0.0604,184.02264765,1350.0
TOI-5340 b,TOI-5340,1004.0,15.07607904,0.0628,270.15414595,1566.0
TOI-5344 b,TOI-5344,38.0,10.60369574,0.04041,130.94530368,689.0
TOI-5344 b,TOI-5344,35.0,9.7,0.04,135.0,679.0
TOI-5386 A b,TOI-5386 A,817.0,14.70618268,0.04856,155.10026262,1488.0
TOI-5542 b,TOI-5542,9.6,11.30986153,0.332,419.53349724,441.0
TOI-5573 b,TOI-5573,12.92,9.75,0.0712,112.0,528.0
TOI-5592 b,TOI-5592,1712.0,17.14974047,0.03935,285.72773789,1789.0
TOI-561 b,TOI-561,4745.0,1.425,0.0106,2.0,2310.0
TOI-561 b,TOI-561,4709.0,1.397,0.01064,2.02,2319.0
TOI-561 c,TOI-561,67.5,2.865,0.0889,5.93,802.0
TOI-561 c,TOI-561,68.2,2.91,0.0884,5.39,800.0
TOI-561 d,TOI-561,21.4,2.82,0.158,13.2,598.0
TOI-561 d,TOI-561,21.2,2.615,0.1587,13.33,600.0
TOI-561 e,TOI-561,4.96,2.55,0.328,12.6,415.0
TOI-561 e,TOI-561,4.89,2.517,0.33,12.4,416.0
TOI-5616 b,TOI-5616,137.0,10.78,0.0272,624.0,939.0
TOI-5634 A b,TOI-5634 A,77.0,10.42,0.0272,588.0,837.0
TOI-564 b,TOI-564,1423.0,11.43318,0.02734,464.98529,1714.0
TOI-5688 A b,TOI-5688 A,50.3,10.3,0.03379,124.0,742.0
TOI-5720 b,TOI-5720,41.7,1.09,0.018288,4.3,708.0
TOI-6008 b,TOI-6008,41.5,1.03,0.010777,4.0,707.0
TOI-6016 b,TOI-6016,940.0,13.67495645,0.055,371.85923619,1890.0
TOI-6034 b,TOI-6034,43.0,11.92,0.02949,254.0,714.0
TOI-6038 A b,TOI-6038 A,716.0,6.41,0.069,78.5,1439.0
TOI-6054.01,TOI-6054,570.0,2.64,0.0763,12.5,1360.0
TOI-6054.02,TOI-6054,285.0,2.82,0.1079,9.3,1143.0
TOI-6130 b,TOI-6130,1150.0,14.3474953,0.036,333.71982735,1750.0
TOI-615 b,TOI-615,1286.0,18.97680433,0.0678,138.25535705,1666.0
TOI-622 b,TOI-622,602.0,9.2362001,0.0708,96.30200732,1388.0
TOI-6303 b,TOI-6303,14.28,11.59,0.0761,2493.0,541.0
TOI-6330 b,TOI-6330,9.97,10.89,0.05763,3179.0,495.0
TOI-6383 A b,TOI-6383 A,51.3,11.29,0.02292,331.0,745.0
TOI-654.01,TOI-654,65.0,2.378,0.01944,8.71,794.0
TOI-663 b,TOI-663,49.1,2.27,0.0295,4.45,674.0
TOI-663 c,TOI-663,22.3,2.26,0.0437,3.65,553.0
TOI-663 d,TOI-663,12.9,1.92,0.0576,5.2,482.0
TOI-6651 b,TOI-6651,817.0,5.09,0.0633,61.0,1493.0
TOI-669 b,TOI-669,388.2,2.6,0.047,9.8,1235.0
TOI-674 b,TOI-674,38.4,5.25,0.025,23.6,635.0
TOI-6894 b,TOI-6894,5.54,9.5836785,0.02604,53.39517238,417.9
TOI-7149 b,TOI-7149,20.6,13.2,0.02603,224.0,593.0
TOI-733 b,TOI-733,207.1,1.992,0.0618,5.72,1055.8
TOI-771 b,TOI-771,14.0,1.36,0.0208,2.47,543.0
TOI-776 b,TOI-776,11.5,1.85,0.0652,4.0,514.0
TOI-776 c,TOI-776,4.9,2.02,0.1,5.3,415.0
TOI-782 b,TOI-782,5.91,2.734,0.0578,19.1,435.0
TOI-815 b,TOI-815,36.9,2.94,0.0903,7.6,686.0
TOI-815 c,TOI-815,8.03,2.62,0.193,23.5,469.0
TOI-824 b,TOI-824,412.0,2.926,0.02177,18.467,1253.0
TOI-836 b,TOI-836,78.838,1.704,0.0422,4.53,871.0
TOI-836 c,TOI-836,26.707,2.587,0.075,9.6,665.0
TOI-837 b,TOI-837,164.0,9.16894621,0.0888,120.45696625,995.3
TOI-858 B b,TOI-858 B,908.9,14.06727078,0.04435,349.6112477,1529.0
TOI-905 b,TOI-905,337.0,13.125739,0.04666,211.99261,1192.0
TOI-908 b,TOI-908,80.884,3.186,0.041657,16.137,1317.0
TOI-954 b,TOI-954,1393.0,9.550068,0.04963,55.30242,1526.0
TOI-969 b,TOI-969,188.0,2.765,0.02636,9.1,941.0
TRAPPIST-1 b,TRAPPIST-1,4.25,1.086,0.01111,0.85,400.1
TRAPPIST-1 c,TRAPPIST-1,2.27,1.056,0.01521,1.38,341.9
TRAPPIST-1 d,TRAPPIST-1,1.143,0.772,0.02144,0.41,288.0
TRAPPIST-1 e,TRAPPIST-1,0.662,0.918,0.02817,0.62,251.3
TRAPPIST-1 f,TRAPPIST-1,0.382,1.045,0.0371,0.68,219.0
TRAPPIST-1 g,TRAPPIST-1,0.258,1.127,0.0451,1.34,198.6
WASP-102 b,WASP-102,1293.0,14.90794433,0.041,197.68926915,1671.0
WASP-116 b,WASP-116,663.0,13.67495645,0.065,203.41018048,1414.0
WASP-132 b,WASP-132,58.5,10.09929161,0.0674,136.0305582,682.0
WASP-132 c,WASP-132,791.0,1.841,0.01833,6.26,1329.0
WASP-149 b,WASP-149,1966.0,15.24421375,0.024,314.96795134,1855.0
WASP-151 b,WASP-151,460.0,12.66617,0.055,98.5273,1290.0
WASP-153 b,WASP-153,1400.0,17.37395,0.048,123.9537,1700.0
WASP-154 b,WASP-154,162.0,10.76062147,0.044,198.96058278,994.0
WASP-155 b,WASP-155,771.0,13.45077684,0.043,276.8285425,1468.0
WASP-156 b,WASP-156,150.0,5.71659,0.0453,40.68224,970.0
WASP-161 b,WASP-161,990.0,12.811887,0.0673,791.3967,1557.0
WASP-163 b,WASP-163,1200.0,13.473218,0.0266,594.3421,1638.0
WASP-166 b,WASP-166,440.0,7.06167,0.0641,32.10083,1270.0
WASP-170 b,WASP-170,680.0,12.285064,0.0337,508.528,1422.0
WASP-173 A b,WASP-173 A,1920.0,14.403565,0.02508,1102.8701,1842.0
WASP-174 b,WASP-174,901.9,16.10730527,0.05503,104.88337431,1528.0
WASP-178 b,WASP-178,5550.0,21.74546,0.0545,448.1403,2402.0
WASP-18 b,WASP-18,5805.0,13.89913607,0.02024,3241.8497514,2429.0
WASP-188 b,WASP-188,1278.0,14.81827249,0.072,458.6263913,1666.0
WASP-19 b,WASP-19,3320.0,15.86070769,0.01652,366.77398168,2113.0
WASP-193 b,WASP-193,413.0,16.40994774,0.0676,44.17814857,1254.0
WASP-194 b,WASP-194,1365.0,15.47960235,0.047,373.13054982,1693.0
WASP-195 b,WASP-195,890.0,10.31226224,0.063,33.05415433,1522.0
WASP-197 b,WASP-197,1276.0,14.44837612,0.065,403.32424848,1665.0
WASP-2 b,WASP-2,492.0,12.116929,0.03144,295.89973,1311.0
WASP-44 b,WASP-44,533.0,12.3299,0.03453,276.5121,1337.0
WASP-45 b,WASP-45,294.0,10.603714,0.03963,306.38812,1153.0
WASP-76 b,WASP-76,4104.0,20.78145022,0.033,284.13859586,2228.0
WASP-76 b,WASP-76,4130.0,20.68056939,0.03304,289.22385037,2231.0
WASP-77 A b,WASP-77 A,1440.0,13.78704626,0.02335,529.81995447,1715.0
WD 1856+534 b,WD 1856+534,0.181,10.4,0.0204,4386.054,163.0
Wolf 327 b,Wolf 327,233.9,1.24,0.01,2.53,996.0
Wolf 503 b,Wolf 503,64.7,2.043,0.05712,6.27,789.0
XO-7 b,XO-7,1540.0,15.389957,0.04421,225.34147,1743.0
pi Men c,HD 39091,309.0,2.042,0.06839,4.82,1169.8
