pl_name,hostname,pl_insol,pl_rade,pl_orbsmax,pl_masse,pl_eqt,habitability_score
CoRoT-32 b,CoRoT-32,0.0029416376934615,0.261712274999828,0.0142246339232257,0.0076031564337487,0.199382557242089,0.9008389616766189
EPIC 201595106 b,EPIC 201595106,0.0635151558183341,0.0540357650563111,0.0023614984497797,0.0012138345932945,0.4823771546179572,0.8946010220340914
EPIC 220674823 b,EPIC 220674823,0.0956088263963825,0.0650133941906,0.0013421145760765,0.0014262556471211,0.4888088500128634,0.881323213444474
EPIC 220674823 c,EPIC 220674823,0.0014213643043861,0.105910443906578,0.0222595155478298,0.0008991958895063,0.1438127090301003,0.9491182826448403
EPIC 229004835 b,EPIC 229004835,0.0015483135911973,0.0870547515112113,0.0259542256577585,0.0016498567564122,0.1649086699253923,0.9501101236389707
EPIC 246851721 b,EPIC 246851721,0.0142944674231314,0.493815042955762,0.0145117529618888,0.1522755497288018,0.3184975559557499,0.7925769803988083
EPIC 248847494 b,EPIC 248847494,2.0044624233340466e-07,0.522285029045991,1.0,0.6598979823430231,0.0051453563159248,0.6366772826886362
EPIC 249893012 b,EPIC 249893012,0.0230918302810975,0.0706098325727864,0.0088828843667022,0.0013863268776048,0.3738101363519424,0.9181829185074916
EPIC 249893012 c,EPIC 249893012,0.0035594575559424,0.1446550173217151,0.0273564349163459,0.00233184013975,0.2127604836634937,0.9276523243336798
EPIC 249893012 d,EPIC 249893012,0.0011763744526453,0.1562783893462562,0.0473879957533091,0.0016147194392378,0.1515307435039876,0.9327861353388658
G 9-40 b,G 9-40,0.0001356130188408,0.0684573562719455,0.0077255052961221,0.0006276802567957,0.0714175456650373,0.9712342585956344
GJ 1132 b,GJ 1132,0.0004258146341302,0.0379573977645854,0.0019163526534028,0.0002822242396105,0.1082582968870594,0.9738960815222933
GJ 1214 b,GJ 1214,0.0004636767021265,0.104705057178107,0.001738294334852,0.001293692132327,0.1113969642397736,0.9565425201989185
GJ 3473 b,GJ 3473,0.001318914002749,0.0410778577252486,0.0019586415040586,0.0002858899897364,0.1569333676357087,0.9655418140741536
GJ 357 b,GJ 357,0.0002765935426153,0.0390545300024581,0.0062120095884404,0.0002826956881751,0.0931309493182402,0.9755060069423859
GJ 367 b,GJ 367,0.0128913437267976,0.0167548755257459,0.0,8.991958895063604e-05,0.3092359145870851,0.9455405068946713
GJ 3929 b,GJ 3929,0.0003812710247228,0.0335872401983221,0.0040307951861933,0.0002683213311493,0.1041934653974787,0.9754030450485316
GJ 486 b,GJ 486,0.0008935225329082,0.0428428882919382,0.0022813722064319,0.0004392164646789,0.1384100848983792,0.9679437279188071
GJ 806 b,GJ 806,0.0028913034148311,0.0439621759683755,0.0015513331003736,0.000292278592859,0.1998970928736815,0.9579439120237953
GJ 9827 b,GJ 9827,0.0070115872850177,0.0564034889872362,0.0026241344696421,0.0005350455115179,0.25958322613841,0.9444887450976562
GJ 9827 c,GJ 9827,0.0015995387420158,0.0412931053553327,0.0071957817984335,0.0003753304334529,0.166709544635966,0.9633957860766332
GJ 9827 d,GJ 9827,0.0007732547875081,0.071901318353291,0.010218321755833,0.0004711594802919,0.1317211216876768,0.9609184616506316
GPX-1 b,GPX-1,0.1035598606756076,0.6959989770950464,0.0059449221106142,1.0,0.5497813223565732,0.5118706069590088
Gliese 12 b,Gliese 12,3.160369087456677e-05,0.0254078302551265,0.0133343423304717,0.0015859707251861,0.039104708001029,0.9861222267507174
HAT-P-19 b,HAT-P-19,0.0034258267277202,0.4730648937462124,0.0086580857395318,0.014049890852074,0.2104965268844867,0.8454557627680899
HAT-P-25 b,HAT-P-25,0.0072343053320549,0.534348582474054,0.0087938552074268,0.0288725363602846,0.2621559042963725,0.8182652843446145
HAT-P-29 b,HAT-P-29,0.0096396602400557,0.5000880907383548,0.0132230558813775,0.0389234605260462,0.2850527399022382,0.8202211705647119
HAT-P-32 b,HAT-P-32,0.0409983612628817,0.9420966883425866,0.0059827595033063,0.0345071453623024,0.4303318754823771,0.6801268331903413
HAT-P-36 b,HAT-P-36,0.0405529251688074,0.6414729369152543,0.0037681591663309,0.097706138222773,0.4263442243375354,0.7435962110087263
HAT-P-51 b,HAT-P-51,0.0069002282614992,0.5681255307406555,0.0096440836785068,0.0155727505171331,0.2586056084383843,0.8130287490993514
HAT-P-55 b,HAT-P-55,0.0129804309456124,0.6255479464748214,0.0087226318800065,0.0302429652900564,0.3097504502186776,0.7863354603187974
HAT-P-58 b,HAT-P-58,0.0255194569938021,0.6294082766838773,0.0095372486873763,0.0188722797906292,0.3753537432467198,0.7739608514170186
HAT-P-59 b,HAT-P-59,0.0098267433995669,0.5285571439453549,0.0096930497161082,0.0781622827509017,0.2868021610496526,0.8052906053145521
HAT-P-60 b,HAT-P-60,0.0363880976892133,0.7736881272877468,0.0123928589711345,0.0291262015363186,0.4139439156161564,0.7265054253244988
HAT-P-61 b,HAT-P-61,0.0189158668991516,0.420467891203862,0.0051214023873169,0.0536442421436101,0.3452534087985593,0.8261792671420514
HAT-P-62 b,HAT-P-62,0.0193100778424073,0.5044300784167738,0.0068174078715131,0.03861869344868,0.347054283509133,0.8076358350398272
HAT-P-63 b,HAT-P-63,0.0086240659455665,0.5266269784103317,0.0079792384000569,0.0311566810897307,0.2763056341651659,0.8172809304310205
HAT-P-64 b,HAT-P-64,0.035875846181028,0.8084311013217274,0.010411960177257,0.029430773469011,0.4124003087213789,0.7183420737955251
HAT-P-65 b,HAT-P-65,0.0405529251688074,0.7640373013346115,0.007418354696622,0.0281109617596126,0.4257782351427836,0.7265940340227026
HAT-P-68 b,HAT-P-68,0.0041117983125945,0.503948427835335,0.0050902421815705,0.036740684065805,0.2224852071005917,0.831549411450981
HAT-P-9 b,HAT-P-9,0.0207310189825041,0.6588444538516651,0.0101893872790685,0.0380097401473406,0.3542577823514278,0.7673100267322434
HATS-17 b,HATS-17,0.0016151290053084,0.3615984973841905,0.0275344932348967,0.0679087014283182,0.1674813480833547,0.8676584451307033
HATS-18 b,HATS-18,0.0665886648674463,0.6318220941728039,0.0023414668889428,0.1004980616021512,0.4880370465654746,0.7285285610024195
HATS-36 b,HATS-36,0.0124904512421308,0.5826027961863064,0.0104965378785686,0.163240194273269,0.3069205042449189,0.7708663973015357
HATS-37 A b,HATS-37 A,0.0051118023437911,0.2790837919362389,0.0093569646398436,0.0050142820274162,0.2372009261641368,0.8911768195187149
HATS-38 b,HATS-38,0.0103456764491634,0.2829441290332191,0.0096307293046154,0.0037452259458806,0.2909698996655518,0.8808026617374758
HATS-47 b,HATS-47,0.0019498742300052,0.5256628240058486,0.0079235951755098,0.0187200877080002,0.1774890661178286,0.8368395947527111
HATS-48 A b,HATS-48 A,0.0030605691305793,0.3726969665380085,0.0068107306845674,0.012324045057061,0.2036532029843066,0.8722137250988093
HATS-49 b,HATS-49,0.0017877354917622,0.3558079917387202,0.0084711245050535,0.0179078918158174,0.1728325186519166,0.8801581128063349
HATS-59 b,HATS-59,0.005987084268647,0.5300057032399513,0.0120256136891235,0.0409031880132416,0.2482634422433753,0.8190797336013511
HATS-60 b,HATS-60,0.0201274530750335,0.5430343409422596,0.0089006901985572,0.0335934249835968,0.3511705685618729,0.7979188395410691
HATS-61 b,HATS-61,0.0083300781234775,0.5633011107014054,0.0160230229405886,0.1725804470333707,0.2735014149729868,0.7795320949409243
HATS-62 b,HATS-62,0.0086240659455665,0.4957452115042521,0.00768766790343,0.00907526148833,0.2763056341651659,0.8294468131274831
HATS-63 b,HATS-63,0.0141185201659721,0.5690916163468758,0.0073827430329118,0.0487205734755006,0.3178029328531001,0.795338710937133
HATS-64 b,HATS-64,0.0381030266513991,0.7968515050687071,0.0130271917309716,0.0487205734755006,0.4193465397478775,0.7154074009070246
HATS-65 b,HATS-65,0.0262321547443209,0.7109590046608977,0.0084310613833795,0.041664621662163,0.3784409570362748,0.7484484283852675
HATS-66 b,HATS-66,0.0587267178070361,0.6675302123198706,0.0089140445724485,0.2705515765279153,0.4720864419861075,0.6896847455171776
HATS-67 b,HATS-67,0.0850965345762306,0.7997467578914421,0.0051703684249183,0.0735940726735975,0.5222536660663751,0.6809604488671027
HATS-68 b,HATS-68,0.0338713837576939,0.5811551697749389,0.0097086298189814,0.0654721137517699,0.4059686133264729,0.7695892146977341
HATS-69 b,HATS-69,0.0103879928781004,0.4426655764207745,0.0055687739126757,0.029278634306376,0.2914072549524055,0.8360935155359727
HATS-70 b,HATS-70,0.2028921096541613,0.6545015746175625,0.0065058058140492,0.6548217580168808,0.6604064831489581,0.5448310687922362
HATS-72 b,HATS-72,0.0011002048805586,0.3352516966973007,0.0132268396206467,0.0063544052495177,0.1482634422433753,0.8910239330130327
HATS-74 A b,HATS-74 A,0.0023768247261753,0.4846458848038759,0.003728096044657,0.0741013236440774,0.1883457679444301,0.8346805418562326
HATS-75 b,HATS-75,0.0013157959500905,0.4132297716313867,0.0057094399843308,0.0249129564631482,0.1567532801646514,0.8672312909913659
HATS-76 b,HATS-76,0.0028868490538903,0.507325326504061,0.0043379457856934,0.1334420885920672,0.1998456393105222,0.8152035554642566
HATS-77 b,HATS-77,0.0017414101379785,0.548823878834385,0.0064501625895021,0.0697357926045608,0.171160277849241,0.8220053907927617
HD 110113 b,HD 110113,0.0163766584448814,0.0749147851744683,0.0062120095884404,0.0007155235497315,0.3107795214818626,0.9289770722818488
HD 118203 b,HD 118203,0.016817862896062,0.5348301809655662,0.014160087782751,0.1099392877614817,0.3424234628248006,0.7864797101354983
HD 135694 b,HD 135694,0.0016374008100121,0.094717567142205,0.0251307059344611,0.0008991958895063,0.167738615899151,0.9479756858152251
HD 136352 b,HD 136352,0.0024815022082828,0.0582976681319762,0.019877985537213,0.0007426751130025,0.1908927193208129,0.9539108908300773
HD 136352 c,HD 136352,0.0007777091484489,0.1121956747050335,0.0367267539300809,0.0017840174219868,0.1322356573192693,0.947852941103911
HD 136352 d,HD 136352,0.0001238089623479,0.0969561424950796,0.0930154398819473,0.0013975069330693,0.0689477746333933,0.9558006101177081
HD 1397 b,HD 1397,0.0079247312778699,0.481751489527699,0.0228382050831198,0.0210551508980256,0.2740674041677386,0.8295797469216364
HD 183579 b,HD 183579,0.0012899606566342,0.1394890741996968,0.0281131827701868,0.0031352069824173,0.1559042963725238,0.9379167391237048
HD 18599 b,HD 18599,0.0032253804853868,0.1028969770854007,0.0095506030612676,0.0040615544351948,0.1800874710573707,0.9445276497312625
HD 189733 b,HD 189733,0.0079247312778699,0.5266279082800936,0.0053350723695778,0.0591775955873536,0.2691021353228711,0.8132312568937564
HD 191939 b,HD 191939,0.0022231492737197,0.1334621405573421,0.0163168191661974,0.0015859707251861,0.1844610239259068,0.9363494904280056
HD 191939 c,HD 191939,0.0004636767021265,0.124206492463726,0.0374167299144652,0.001266540569056,0.1124260355029585,0.947950387442729
HD 191939 d,HD 191939,0.0003144556106117,0.1155965872603622,0.0458745000456274,0.0004360221631176,0.0969899665551839,0.9517833670812621
HD 202772 A b,HD 202772 A,0.0766109769841165,0.7321908586942888,0.0100135546894996,0.0516140213414017,0.5065603293028043,0.7066607830985419
HD 20329 b,HD 20329,0.0773682183440427,0.0607084415889181,0.0024282703192363,0.0011739058237782,0.5088757396449705,0.8848034549561328
HD 207496 b,HD 207496,0.0016195833662492,0.0835246903778321,0.012421793447899,0.0009630819207323,0.1492153331618214,0.9548158566924577
HD 207897 b,HD 207897,0.0005861716279969,0.0943301214080537,0.0243071862111638,0.0022887170686724,0.1207100591715976,0.955246647248997
HD 219134 b,HD 219134,0.0039202607921426,0.0556285975189334,0.0070488836856291,0.0007458694145638,0.2191921790583998,0.9511838832723882
HD 219134 c,HD 219134,0.0013790478754491,0.0517110906514029,0.0129559684035513,0.0006851776848991,0.1592487779778749,0.9613385639004983
HD 219134 d,HD 219134,0.0001010917215501,0.055972993727068,0.0511717350225132,0.0025714127568476,0.0636737844095703,0.9707939003367116
HD 219134 f,HD 219134,0.0002716937455805,0.0430581359220223,0.0309843731568181,0.0011547400144104,0.0925135065603293,0.9719475465932069
HD 22946 d,HD 22946,0.0004093557704542,0.0988933711658365,0.0642590214359958,0.0042324495687244,0.0985335734499614,0.953101422402566
HD 23472 b,HD 23472,0.000352317678608,0.0727623088736274,0.0242849289213449,0.0013176493940368,0.0977617700025726,0.9643474392066831
HD 23472 c,HD 23472,0.0001732523687901,0.0671658704914409,0.0350574571936673,0.0005334483607373,0.0782094160020581,0.9678127088746799
HD 23472 d,HD 23472,0.0026017699536828,0.0189504013526037,0.0079881413159845,7.6663237471235e-05,0.1919217905839979,0.9648794533090518
HD 23472 e,HD 23472,0.0010360620830119,0.0218777691217474,0.0135569152286602,0.0001038148007422,0.1440699768458966,0.9712327880847607
HD 23472 f,HD 23472,0.0005817172670562,0.0356105679211126,0.0185870627277198,0.0001118005546455,0.1201440699768459,0.971020165959377
HD 25463 b,HD 25463,0.0102721794936411,0.0994530150040551,0.015337498414168,0.0013463981080885,0.2899408284023668,0.9267609386775044
HD 25463 c,HD 25463,0.0314771647520449,0.0512375458652179,0.0081038792230425,0.0006436517646022,0.3972215075894005,0.9172251196944473
HD 260655 b,HD 260655,0.0009358389618452,0.040044669100845,0.0049500212557117,0.0003306102115947,0.1404682274247491,0.9680767227546327
HD 260655 c,HD 260655,0.0003545448590783,0.0526581802237729,0.0089919450868145,0.0004823395357565,0.10136351942372,0.9705289011569425
HD 3167 b,HD 3167,0.0367444465644727,0.0585559652880771,0.0024193674033087,0.0007826038825188,0.4144584512477489,0.9117704495046419
HD 3167 c,HD 3167,0.0003723623028413,0.1158118348904463,0.0379509048701175,0.0017664487633997,0.1031643941342938,0.9513122932267002
HD 332231 b,HD 332231,0.0021806101267357,0.4050272897252177,0.0303834263317092,0.0123748073003224,0.1834319526627219,0.8650608975380312
HD 42813 b,HD 42813,0.0016596726147158,0.1334621405573421,0.0231275498507648,0.0014422271549276,0.1422691021353228,0.9421949973398893
HD 5278 b,HD 5278,0.0029358470242385,0.0921345955811959,0.0251752205140988,0.001234597553443,0.2006688963210702,0.9432208209871704
HD 6061 b,HD 6061,0.0075483377783772,0.0921345955811959,0.0115537591449639,0.0017137427876382,0.2652431180859274,0.9334172575862749
HD 73583 b,HD 73583,0.0009603379470193,0.1067714344269144,0.0118653612024278,0.0016179137407991,0.1417545665037304,0.9502457361652035
HD 73583 c,HD 73583,0.0002231412113264,0.0895516240201868,0.0260655121068527,0.0015380562017666,0.0861847182917417,0.9617032814367555
HD 80653 b,HD 80653,0.1365221316371008,0.0561021423051184,0.0021188939907543,0.0009023901910676,0.591715976331361,0.8558680610455971
HD 93963 A b,HD 93963 A,0.0645396588347048,0.044780116962695,0.0030626030790734,0.001234597553443,0.4834062258811423,0.8963789594081475
HD 93963 A c,HD 93963 A,0.012107376201227,0.1256271268222811,0.0091343917416551,0.0030553494433848,0.303833290455364,0.9178615028029147
HD 95338 b,HD 95338,0.0001612255942501,0.1541259130454152,0.0567360574772252,0.0067671278576171,0.0571134551067661,0.9458261044751103
HIP 116454 b,HIP 116454,0.0011381961250222,0.0929525365755155,0.0160497316883712,0.0015380562017666,0.1518394648829431,0.9517319028769825
HIP 29442 c,HD 42813,0.008303351957833,0.0546815079465634,0.0081261365128613,0.0007075377958282,0.271160277849241,0.9422104545381713
HIP 29442 d,HD 42813,0.004517145158202,0.052873427853857,0.0134011141999283,0.0008097554457899,0.1947517365577566,0.9547116764962609
HIP 65 A b,HIP 65 A,0.014717631712502,0.9662237951987128,0.0023882071975623,0.1630879075434847,0.3210702341137124,0.6730118243410612
HIP 8152 b,HIP 8152,0.0019759322415085,0.096870043443046,0.0188986647851837,0.001234597553443,0.1780293285310007,0.9463485241979288
HIP 8152 c,HIP 8152,0.0008846138110267,0.0934260813617005,0.0291370181018538,0.0014901416783471,0.1378955492667867,0.952482032980394
HIP 9618 b,HIP 9618,0.0008155712164452,0.1480989794030606,0.0304724554909846,0.001330426600282,0.1342937998456393,0.9392731829383005
HIP 9618 c,HIP 9618,0.000256548918382,0.1305778223142153,0.0578266646783487,0.0029116058731262,0.0833290455364033,0.9484142352730109
K2-100 b,K2-100,0.0426464748109563,0.153695417785247,0.0051214023873169,0.003470608646354,0.4316953949060972,0.8828216319064842
K2-108 b,K2-108,0.0169670839875768,0.2139647542087936,0.0111753852180435,0.0094758955816007,0.3300746076665809,0.8888947774634169
K2-110 b,K2-110,0.0006128977936414,0.0982476282755842,0.0211399738699417,0.0025282896857701,0.1222022125032158,0.954304236393381
K2-111 b,K2-111,0.0109091531081673,0.0650133941906,0.0109973268994927,0.0008800300801385,0.2948289169024955,0.9349738292785486
K2-114 b,K2-114,0.000886840991497,0.4363917541772086,0.0194105824510172,0.1020204175034939,0.1384100848983792,0.8475293546776913
K2-12 b,K2-12,0.0041162526735352,0.0917041003210277,0.0160497316883712,0.0008193383504738,0.2220221250321584,0.9407669395239269
K2-131 b,K2-131,0.0906422139474548,0.0594169558084135,0.0005052404788878,0.0012505690612495,0.5299717005402624,0.8781567039224822
K2-136 b,K2-136,0.0007420742609229,0.0303154762210439,0.0141578620537691,0.0006755947802152,0.114998713660921,0.9733977964559041
K2-136 c,K2-136,0.0002612259973698,0.1158118348904463,0.0247968465871784,0.0028796628575132,0.0789812194494468,0.9560658733305399
K2-136 d,K2-136,0.0001534304626038,0.0540357650563111,0.0326536698932317,0.0004679651787306,0.0661178286596346,0.9731683952731266
K2-140 b,K2-140,0.0045394169629057,0.5705382375518109,0.0135569152286602,0.047197469561367,0.2055569848211988,0.8143748823648563
K2-141 b,K2-141,0.0726020521374484,0.0516680411253861,8.457770131162211e-05,0.0007826038825188,0.4990995626447131,0.890272461134077
K2-141 c,K2-141,0.0008667963672637,0.2880099389577222,0.0136236870981168,0.001266540569056,0.1368664780036017,0.9055918278262272
K2-157 b,K2-157,0.1483261881300679,0.0269145636657152,0.0005631094324168,0.0001708951335296,0.5837406740416774,0.8611219115683516
K2-167 b,K2-167,0.0070561308944252,0.0856771666786731,0.0186760918869952,0.0010269679519584,0.2600977617700026,0.9353762020174126
K2-18 b,K2-18,1.8351967075858363e-05,0.0990225197438869,0.0338333062536307,0.001367161068237,0.0236429122716748,0.9680356647941438
K2-180 b,K2-180,0.0014881797184973,0.0831715180933238,0.0151149255159796,0.0018162515422869,0.145613583740674,0.9550438861399635
K2-182 b,K2-182,0.0032676969143238,0.1024664818252325,0.0101292925965576,0.0031831215058369,0.2073578595317725,0.9406498379788057
K2-199 b,K2-199,0.0025839525099199,0.0611389368490862,0.0069242428626435,0.0010908539831844,0.1929508618471829,0.9540868556747737
K2-199 c,K2-199,0.0008556604649118,0.1093544059879235,0.013156284011921,0.0019692869125423,0.1366092101878055,0.9502038330516742
K2-216 b,K2-216,0.0055193763698691,0.0619999273694226,0.0046539993011211,0.001266540569056,0.2418317468484692,0.94585073517549
K2-222 b,K2-222,0.0021340620549049,0.087829642979514,0.0252642496733742,0.0013783411237015,0.1821456135837406,0.9472784354090112
K2-233 b,K2-233,0.005987084268647,0.0432733835521064,0.0057512836891903,0.0003721361318916,0.2480061744275791,0.9495350470719451
K2-233 c,K2-233,0.0014703622747343,0.0414222539333832,0.0132007985915587,0.0007235093036347,0.1623359917674298,0.9633881473492366
K2-233 d,K2-233,0.0002788207230857,0.0883892868177327,0.0321640095172171,0.0016338852486056,0.0931309493182402,0.9603062116794623
K2-237 b,K2-237,0.0414215255522522,0.6839354443307558,0.0063411018693897,0.0691774107268934,0.4283509133007461,0.7378674519242058
K2-24 b,K2-24,0.0013322770855713,0.2311845646155212,0.0326981844728694,0.0033428365839019,0.1553897607409313,0.9145573258452413
K2-24 c,K2-24,0.0005304921162377,0.3233105502915138,0.053397464004398,0.0043011270522924,0.113969642397736,0.8957177966216916
K2-25 b,K2-25,0.0002166823879624,0.1347536263378467,0.004809800329853,0.0039018393571297,0.0851556470285567,0.9522118937404549
K2-261 b,K2-261,0.0040048936500167,0.3968233669514128,0.0214359958245324,0.0095320738462112,0.2271674813480833,0.8614675536132338
K2-263 b,K2-263,0.0001779294477779,0.0904126145405232,0.0556899648557393,0.002368574607705,0.0789812194494468,0.9594535732060039
K2-266 d,K2-266,0.0003066604789654,0.112798368069269,0.0214582531143512,0.0014102841393145,0.0965526112683303,0.9547976360094454
K2-266 e,K2-266,0.0002093549642148,0.1041884628659052,0.0262213131355847,0.0022727455608659,0.0841523025469513,0.9581905519864848
K2-27 b,K2-27,0.0025794981489791,0.1795251333953385,0.0133387937884355,0.0049240158567461,0.1901209158734242,0.9235080472752653
K2-285 b,K2-285,0.0052144753634752,0.0981615292235506,0.0069175656756979,0.0015348619002053,0.2382042706457422,0.9371659055405976
K2-285 c,K2-285,0.0011173541701805,0.1386280836793604,0.0167619649625743,0.0024931523685957,0.1488037046565474,0.940512390160647
K2-285 d,K2-285,0.0005440779171069,0.0934260813617005,0.0246410455584465,0.0010269679519584,0.1175456650373038,0.9561789083826109
K2-285 e,K2-285,0.0002298227527376,0.0706098325727864,0.0385763347140272,0.0016977712798317,0.0869307949575508,0.9650417880599804
K2-292 b,K2-292,0.0014881797184973,0.0998835102642233,0.0273564349163459,0.0039018393571297,0.1625932595832261,0.9466776682178505
K2-3 b,K2-3,0.0002298227527376,0.0761201719029393,0.015048153646523,0.0008049639934479,0.0870337020838693,0.9661801467225215
K2-3 c,K2-3,7.414283785865595e-05,0.0594169558084135,0.0298937659556946,0.0005158797021501,0.0560843838435811,0.9736183080840024
K2-3 d,K2-3,2.804020212197292e-05,0.0494294657725115,0.0432481398470033,0.0003401931162786,0.0365834834062258,0.9777538463773456
K2-32 b,K2-32,0.001726488028827,0.2075073253062707,0.0163079162502698,0.0026241187326091,0.1682531515307435,0.9202116341636238
K2-32 c,K2-32,0.0005661270037636,0.1162423301506145,0.0295599066084119,0.0019213723891228,0.1173141240030872,0.9498321956220884
K2-32 d,K2-32,0.0003189099715524,0.1343231310776785,0.0398650317945385,0.0016338852486056,0.0962181631077952,0.9475775395437704
K2-329 b,K2-329,0.0010137902783082,0.3601508709728229,0.0210353646077931,0.0131870031925051,0.1252894262927707,0.8861237941301058
K2-36 b,K2-36,0.011777753491612,0.0482240790440406,0.0033853337814467,0.0006117087489892,0.2729611525598148,0.9430056061795916
K2-36 c,K2-36,0.0020004312266826,0.1244217400938101,0.0104408946540215,0.001234597553443,0.1607923848726524,0.9428845689015539
K2-38 b,K2-38,0.0109091531081673,0.0579102223978248,0.0096173749307241,0.0012186260456365,0.2950861847182917,0.9367813080581502
K2-38 c,K2-38,0.0030093439797608,0.0938565766218687,0.0197666990881188,0.0011707115222169,0.2022125032158477,0.9430903649549722
K2-39 b,K2-39,0.0301965359815815,0.2324760503960257,0.0111976425078623,0.0063454800515253,0.3877025984049395,0.8722777765846869
K2-415 b,K2-415,0.0001033189020205,0.0303585257470607,0.0044314264029326,0.0011866830300234,0.0641625932595832,0.9820745046573933
K2-419 A b,K2-419 A,6.946575887087651e-05,0.4408357563174296,0.0253087642530119,0.0312929752452897,0.0550553125803961,0.8727224528315627
K2-66 b,K2-66,0.0187042847544663,0.0938565766218687,0.0117384946504603,0.0033907511073214,0.3110367892976589,0.9224170523370339
K2-79 b,K2-79,0.0040271654547204,0.162735818248779,0.0204121604928654,0.0014581986627341,0.2209930537689735,0.9226260819542098
KELT-10 b,KELT-10,0.0133590516255755,0.6617397066744003,0.0101070353067388,0.034456383119041,0.31232312837664,0.7758069084327491
KELT-11 b,KELT-11,0.0319114649437673,0.6477459846978472,0.012286023980004,0.0098874573805127,0.3985078466683818,0.7655077934680479
KELT-12 b,KELT-12,0.0389493552301402,0.8455882609180819,0.0133521481623268,0.0482129510428864,0.4211474144584513,0.7027682110078598
KELT-18 b,KELT-18,0.0701966972294476,0.744254412122352,0.0085490250194194,0.0598882669930135,0.4944687419603807,0.705874520605976
KELT-19 A b,KELT-19 A,0.0521119918100337,0.90831873874401,0.0125998517664498,0.2065911500185235,0.4558785695909442,0.6463267171519962
KELT-20 b,KELT-20,0.0971567168232905,0.8267691175703035,0.0104854092336592,0.171666726654665,0.5400051453563159,0.6477780475026906
KELT-21 b,KELT-21,0.0656977926792978,0.7519750863163124,0.0100491663532098,0.1984691910966959,0.4857216362233084,0.6787398903289761
KELT-23 A b,KELT-23 A,0.0220714030049876,0.6250665042530885,0.0057713152500272,0.0476038041237494,0.3596604064831489,0.7730649997130067
KELT-24 b,KELT-24,0.0167198669553656,0.6004568552598398,0.0139330634265987,0.262937240038702,0.3334190892719321,0.7408762083572403
KELT-4 A b,KELT-4 A,0.0409760894581779,0.8065023478111576,0.0080304301666403,0.0457763633663382,0.4270645742217648,0.7120635843865609
KELT-9 b,KELT-9,1.0,0.899150438138682,0.0061274318871288,0.1461840805374311,1.0,0.2953628311691304
KOI-134 b,KOI-134,0.0009982000150156,0.5049126196929058,0.0792159201942616,0.0553193877750154,0.1276048366349369,0.835346190002599
KOI-4777.01,KOI-4777,0.0071229463085363,0.0086185151085671,0.0002025413373515,0.0158325556885906,0.26164136866478,0.9532755167591271
KPS-1 b,KPS-1,0.0162321144323543,0.483681658076189,0.0044091691131137,0.0553196650994855,0.3334190892719321,0.8126922378292483
Kepler-10 b,Kepler-10,0.0850742627715269,0.0499460600847133,0.0021723114863195,0.0005094910990275,0.5209673269873939,0.8835269777308171
Kepler-10 c,Kepler-10,0.0004120061152139,0.0880448906095981,0.0520620266152671,0.0018095718344772,0.1067661435554412,0.956282136951298
Kepler-102 b,Kepler-102,0.0020004312266826,0.0064660388077262,0.0107102078608296,0.000164506530407,0.1785438641625932,0.9698978592135103
Kepler-102 c,Kepler-102,0.001354548890275,0.0110723380915258,0.0133387937884355,0.000260335577246,0.1579624388988937,0.9717452384809092
Kepler-102 d,Kepler-102,0.0008177983969155,0.0363424098633985,0.0176032905177268,0.0004679651787306,0.1345510676614355,0.9686324757783416
Kepler-102 e,Kepler-102,0.0004480864388339,0.0800807282964866,0.0242849289213449,0.0007394808114412,0.1098533573449961,0.9607909993380561
Kepler-102 f,Kepler-102,0.0002186868503857,0.0237288987404706,0.0352800300918558,0.0006755947802152,0.0854129148443529,0.9775271100678851
Kepler-103 b,Kepler-103,0.0033345123284349,0.1367339045346204,0.0278527724793062,0.0015540277095731,0.2083869307949575,0.9304620477587255
Kepler-103 c,Kepler-103,0.0001284860413357,0.2212831736316528,0.146188105259175,0.0060579929110082,0.0697195780807821,0.9183523149594496
Kepler-107 b,Kepler-107,0.0238936152504311,0.0527873288018234,0.0085356706455281,0.0005957372411827,0.3676357087728325,0.9235170123957006
Kepler-107 c,Kepler-107,0.013403595234983,0.0554133498888493,0.011918778697993,0.0015859707251861,0.3125803961924363,0.9337294525135909
Kepler-107 d,Kepler-107,0.0070115872850177,0.0236858492144537,0.0170668898330925,0.0012186260456365,0.2598404939542063,0.9510485732253138
Kepler-107 e,Kepler-107,0.0030850681157534,0.1116360308668149,0.0265507210249036,0.0022408025452529,0.2037561101106251,0.9374988227204357
Kepler-109 b,Kepler-109,0.0098401064823891,0.0938565766218687,0.014024318314856,0.0007714238270543,0.2863390789812194,0.9290762454557367
Kepler-109 c,Kepler-109,0.0020227030313863,0.1007445007845597,0.0328317282117825,0.001298483584669,0.1790583997941857,0.9438054343872043
Kepler-111 c,Kepler-111,5.120287901383299e-05,0.2916293622972071,0.1655742046913915,0.0355222121292473,0.0486750707486493,0.8961141750547081
Kepler-138 b,Kepler-138,0.0002164596699153,0.0142149534907536,0.0151816973854361,0.0,0.0743503987651144,0.9837105941730263
Kepler-138 c,Kepler-138,0.0001474170753338,0.0516680411253861,0.0187428637564518,0.0003561646240851,0.0635451505016722,0.9755614727203403
Kepler-138 d,Kepler-138,7.169293934124767e-05,0.0516680411253861,0.0270893474385198,0.000324221608472,0.0468227424749163,0.9772642914000672
Kepler-1514 b,Kepler-1514,6.79067325416167e-05,0.5213199447717459,0.1660193504877685,0.2680134643648442,0.0578595317725752,0.7907660840996691
Kepler-1654 b,Kepler-1654,2.6503447597416816e-06,0.3818652671433365,0.4493546498817025,0.0253699415752465,0.0110625160792384,0.8528640573956326
Kepler-1655 b,Kepler-1655,0.0028712587905977,0.0819318579152098,0.0213247093754381,0.0008512813660868,0.199382557242089,0.9464455470869437
Kepler-1661 b,Kepler-1661,1.5567991487894416e-05,0.1532649225250789,0.139310602705151,0.0027039762716416,0.0205814252636995,0.9441200296568855
Kepler-1704 b,Kepler-1704,3.58576055729757e-06,0.5010522894838497,0.449577222779891,0.2111586934993949,0.0233599176742989,0.7840424032718574
Kepler-1876 b,Kepler-1876,0.0105750760376116,0.023384502532336,0.0152929838345304,0.0003721361318916,0.292256238744533,0.9455391901341212
Kepler-19 b,Kepler-19,0.0019469788953937,0.0817596598111425,0.017251625338589,0.0009630819207323,0.1770002572678158,0.9505081738704186
Kepler-20 b,Kepler-20,0.0073679361602771,0.0629900664678095,0.0085824109541477,0.0015380562017666,0.2634422433753537,0.9413599136928934
Kepler-20 c,Kepler-20,0.0017487598335307,0.1112485851326635,0.0192547814222853,0.0017616573110577,0.1710830975045021,0.9437229515366595
Kepler-20 d,Kepler-20,0.0001231408082068,0.0988503216398197,0.0757437829825213,0.0021290019906074,0.0686905068175971,0.9569467226285697
Kepler-20 e,Kepler-20,0.0037777212420388,0.0220069176997978,0.0125998517664498,0.0001102034038649,0.2163622330846411,0.9596285933823248
Kepler-20 f,Kepler-20,0.0007955265922118,0.0276464056080011,0.0292928191305857,0.0002124210538265,0.1332647285824543,0.9698882652091442
Kepler-21 b,Kepler-21,0.0612211599338518,0.0572214299815557,0.0080816219332236,0.0011866830300234,0.4764599948546437,0.8948137964969318
Kepler-22 b,Kepler-22,1.8530141513488052e-05,0.0770672614753093,0.1791511514808887,0.0014422271549276,0.0298430666323642,0.9580476050147895
Kepler-278 b,Kepler-278,0.0024458673207569,0.1569241322365085,0.0433816835859164,0.0089328643161795,0.1088242860818111,0.9375868226105467
Kepler-278 c,Kepler-278,0.0012053277987601,0.1273491078629538,0.0623003799319372,0.0055628761690064,0.0846411113969642,0.9477623447580938
Kepler-323 b,Kepler-323,0.0423123977404006,0.0461146522692164,0.0046050332635196,0.0006117087489892,0.4309235914587085,0.9105562338156197
Kepler-323 c,Kepler-323,0.0155862320959467,0.0542510126863952,0.008615796888876,0.0010748824753779,0.3262155904296372,0.9317524824512085
Kepler-37 b,Kepler-37,0.0009870641126637,0.0,0.0211021364772497,0.0001149948562068,0.1427836377669153,0.9761531224821974
Kepler-37 c,Kepler-37,0.0005282649357673,0.0191656489826878,0.0293595910000422,0.00019644954602,0.1162850527399022,0.9746321013534043
Kepler-37 d,Kepler-37,0.0002273728542201,0.0740537946541319,0.0453625823797939,0.0003082501006655,0.0864419861075379,0.9638541333059579
Kepler-391 b,Kepler-391,0.0153635140489096,0.0942870718820369,0.0168955087014874,0.1756754058161156,0.197324414715719,0.9053958835740883
Kepler-391 c,Kepler-391,0.003982621845313,0.1106458917684281,0.0349239134547542,0.0718606050738182,0.1283766400823257,0.9340227321317112
Kepler-409 b,Kepler-409,0.0001329404022764,0.0382796385341554,0.0694672272536062,0.0009471104129258,0.070748649343967,0.9726417660362374
Kepler-454 b,Kepler-454,0.0026173602169754,0.0886906334998504,0.0196287038912419,0.0008512813660868,0.1937226652945716,0.9458506071034175
Kepler-538 b,Kepler-538,6.256149941272592e-05,0.0820179569672434,0.1023412443160446,0.0016817997720252,0.0558271160277849,0.9605321905181881
Kepler-553 b,Kepler-553,0.0052298429087208,0.1907782295586847,0.0090297824795066,0.0185169458686223,0.2382299974273218,0.9103956227019393
Kepler-553 c,Kepler-553,9.086896319114337e-06,0.4851284260800078,0.1982924207250979,0.3400941451410639,0.0226395677900694,0.7874711611418693
Kepler-68 b,Kepler-68,0.0098178346776854,0.0881309896616318,0.0120768054557068,0.0012713320213979,0.2860818111654232,0.9306476835566228
Kepler-68 c,Kepler-68,0.0045394169629057,0.0288087428104552,0.0184713248206618,0.00019644954602,0.2287110882428608,0.9552429035808151
Kepler-78 b,Kepler-78,0.0906422139474548,0.038365737586189,0.0004273399645218,0.0002571412756847,0.5299717005402624,0.8836259840865879
Kepler-849 b,Kepler-849,5.96661648012434e-05,0.334575538455927,0.2514873433921445,0.04770508944972,0.0513763828145099,0.873942005885243
Kepler-93 b,Kepler-93,0.0061207150968693,0.0502904562928479,0.0103140281020541,0.0007330922083186,0.2495497813223565,0.9469806829475047
L 98-59 b,L 98-59,0.0005416280185895,0.0226957101160669,0.0033853337814467,6.228888044537844e-05,0.1175713918188834,0.9761768841383403
L 98-59 c,L 98-59,0.0002810479035561,0.0462868503732837,0.0051881742567734,0.0003433874178399,0.1003344481605351,0.9727063109022867
L 98-59 d,L 98-59,0.0001075505449142,0.0521415859115711,0.0092390010038037,0.0002986671959816,0.0650887573964497,0.9761853912095888
LHS 1140 b,LHS 1140,6.21383351233554e-06,0.0482240790440406,0.0178970867433356,0.0010509252136681,0.0172369436583483,0.9833566808231167
LHS 1140 c,LHS 1140,0.0001140093682782,0.0414222539333832,0.0044314264029326,0.0002938757436397,0.0666323642912271,0.9791134612734655
LP 791-18 c,LP 791-18,5.4699552352315713e-05,0.0916180012689941,0.0050123416672045,0.0011227969987974,0.0415230254695137,0.9701248424301387
LP 791-18 d,LP 791-18,0.0001258134247712,0.0310903676893466,0.0028556102837581,0.000132563514794,0.0598147671726267,0.9829053752430035
LP 890-9 b,LP 890-9,8.706048458680868e-05,0.0434886311821905,0.0025951999928776,0.0020970589749944,0.0599434010805248,0.9794312821027109
LP 890-9 c,LP 890-9,1.614705841019092e-05,0.045511958904981,0.0072892624156726,0.0040296114195817,0.0280421919217905,0.9828759888424796
LTT 1445 A b,LTT 1445 A,0.0001162365487486,0.0428428882919382,0.0069086627597703,0.0004472022185822,0.0671468999228196,0.9784020652542745
LTT 1445 A c,LTT 1445 A,0.000256548918382,0.0327262496779857,0.0043401715146753,0.0002076296014845,0.0908155389760741,0.9776435989868134
LTT 3780 b,LTT 3780,0.0025794981489791,0.044780116962695,0.001099510117051,0.0003625532272077,0.2153331618214561,0.9555486853842675
LTT 3780 c,LTT 3780,5.743898433087224e-05,0.0895516240201868,0.0152707265447115,0.0012729291721786,0.0504244918960638,0.9682495300263376
NGTS-1 b,NGTS-1,0.0014503176505009,0.6284442992129462,0.0056778346327881,0.0412077614728102,0.1613069205042449,0.8094484560681356
NGTS-12 b,NGTS-12,0.0092610395600926,0.4923674165443945,0.0152707265447115,0.0105473665429112,0.2814509904810908,0.8282756394606566
NGTS-13 b,NGTS-13,0.0244058667586165,0.5377263774339117,0.0106412102623911,0.2456780773298185,0.3709801903781837,0.7523998805650067
NGTS-15 b,NGTS-15,0.009461485802426,0.5174586937333284,0.0082374229619556,0.0381110735603269,0.2528942629277077,0.821416784378523
NGTS-16 b,NGTS-16,0.0106864350611302,0.6139669549866628,0.0100625207271011,0.0338470664978421,0.2608695652173913,0.796396230580108
NGTS-17 b,NGTS-17,0.025831262259654,0.5850144766967615,0.0071245584710132,0.0387709794150261,0.3329045536403396,0.7875946673717559
NGTS-18 b,NGTS-18,0.0188156437779849,0.5705382375518109,0.0083932239906875,0.0207504733776951,0.3133521996398251,0.7997285004580703
NGTS-26 b,NGTS-26,0.0116441226633898,0.6274781115793493,0.0093280301630791,0.0148113206838049,0.3004888088500129,0.7906688468255749
NGTS-27 b,NGTS-27,0.0374126007055841,0.6602909205088019,0.0083487094110498,0.0300906793237102,0.4167738615899151,0.75433440361679
NGTS-33 b,NGTS-33,0.058348097127073,0.7780309992034302,0.0091054572648906,0.1842548394166844,0.4702855672755338,0.6796834723598645
NGTS-8 b,NGTS-8,0.0111986865693155,0.5126341863035405,0.0062120095884404,0.047197706177658,0.3040905582711602,0.8128075215182705
NGTS-9 b,NGTS-9,0.0162321144323543,0.50298334356109,0.0113311862467754,0.1471993254026596,0.3305891432981734,0.7892231745800857
PH2 b,PH2,2.269496899308213e-05,0.3886201648266735,0.1838251823428468,0.0138976048857278,0.0339850784666838,0.8765783493212009
Qatar-3 b,Qatar-3,0.029617469059285,0.5155294391262756,0.0068418908903138,0.2187740884012647,0.3905325443786982,0.7592135110745566
Qatar-4 b,Qatar-4,0.0136708568914275,0.534348582474054,0.0046606764880667,0.3096385038392104,0.31438127090301,0.7527606382619579
Qatar-5 b,Qatar-5,0.0148958061501316,0.5208374026346234,0.0076075416600822,0.219281710833879,0.3220993053768973,0.7723899153569861
Ross 176 b,Ross 176,0.0008022081336229,0.0658743847109363,0.0087493406277891,0.0007187178512928,0.1335219963982505,0.962243764289404
TIC 139270665 b,TIC 139270665,0.0008935225329082,0.2979023993174184,0.0347013405565657,0.0234916207751209,0.1389246205299717,0.8962491921205964
TIC 393818343 b,TIC 393818343,4.674851807309067e-05,0.5111856567131171,0.0271561193079763,0.2202958514897494,0.1652945716490867,0.8006205932901883
TOI-1052 b,TOI-1052,0.0054748327604616,0.1102153965082599,0.0186827690739409,0.0026880047638351,0.250064316953949,0.930888175641543
TOI-1062 b,TOI-1062,0.0051630274946097,0.0841704332680844,0.0099957488576446,0.0016099279868959,0.2351427836377669,0.9408155054057874
TOI-1064 b,TOI-1064,0.001396865319212,0.0980323806455001,0.0121146428483989,0.0021449734984139,0.1597633136094674,0.9494678892169186
TOI-1064 c,TOI-1064,0.000592853169408,0.1007875503105765,0.0194083567220353,0.0003881076396981,0.1211731412400308,0.9544308280853857
TOI-1075 b,TOI-1075,0.0113367717584785,0.0637649579361122,0.0010015780418481,0.0015779849712829,0.2984306663236429,0.9354773742414406
TOI-1107 b,TOI-1107,0.0118445689057232,0.6139669549866628,0.0109082977402173,0.1700414825427997,0.4026241317211217,0.7474621445408676
TOI-1117 b,TOI-1117,0.020664203568393,0.0925650908413641,0.0057668637920634,0.0014102841393145,0.3537432467198353,0.9167392360040966
TOI-1130 b,TOI-1130,0.0017353967507085,0.139919569459865,0.0083420322241042,0.00306812664963,0.1207023411371237,0.9449463088869163
TOI-1130 c,TOI-1130,0.0006641229444599,0.5600829433840182,0.0144271752605772,0.052006423719549,0.0861075379470028,0.8350198943086394
TOI-1173 b,TOI-1173,0.0029358470242385,0.3822884009345558,0.0139130318657618,0.0043650130835184,0.1813738101363519,0.8740767683353567
TOI-1201 b,TOI-1201,0.0009002040743193,0.0906278621706073,0.004809800329853,0.0009918306347841,0.1389246205299717,0.9555549339956145
TOI-1221 b,TOI-1221,0.0001309359398531,0.1119373775489326,0.0845576697507851,0.1776557808680951,0.0712631849755595,0.9172999739357796
TOI-1231 b,TOI-1231,3.8953386426791605e-05,0.1437940268013787,0.0270893474385198,0.0024484321467375,0.0428608181116542,0.9544120633937798
TOI-1235 b,TOI-1235,0.0011897375354675,0.0614833330572208,0.0069798860871907,0.001092451133965,0.1520452791355801,0.9605489747692054
TOI-1238 b,TOI-1238,0.0098401064823891,0.0387531833203404,0.0015157214366635,0.0005893486380601,0.2495497813223565,0.9496577631555664
TOI-1238 c,TOI-1238,0.0013990924996824,0.0774977567354775,0.0066571553848174,0.0013176493940368,0.1368664780036017,0.9587466159483965
TOI-1246 b,TOI-1246,0.0043612425252761,0.1162423301506145,0.0093280301630791,0.0012825120768625,0.2037561101106251,0.9378783227564893
TOI-1246 c,TOI-1246,0.0028690316101274,0.094717567142205,0.0119989049413409,0.001394312631508,0.179315667609982,0.9470837955694776
TOI-1246 d,TOI-1246,0.0006195793350525,0.137767093159024,0.0275790078145344,0.0008353098582803,0.1088242860818111,0.946123747244347
TOI-1246 e,TOI-1246,0.0002409586550894,0.1493904651835651,0.0453848396696127,0.0023526030998985,0.0769230769230769,0.9460326299821795
TOI-125 b,TOI-125,0.0041162526735352,0.1040162647618379,0.0099645886518982,0.0015061131861536,0.2248520710059171,0.937735565854172
TOI-125 c,TOI-125,0.0017240381303096,0.105436899120393,0.0165393920643858,0.0010477309121068,0.1710316439413429,0.9456053318007475
TOI-125 d,TOI-125,0.0005906259889377,0.112798368069269,0.0289144452036653,0.0021609450062204,0.1222279392847954,0.9499653957716715
TOI-1260 b,TOI-1260,0.0021247078969293,0.0904126145405232,0.0065903835153608,0.0013559810127724,0.1821456135837406,0.9485073574041387
TOI-1260 c,TOI-1260,0.000628488056934,0.1080629202074189,0.0130227402730079,0.0018734578657033,0.123488551582197,0.952595475193294
TOI-1260 d,TOI-1260,0.0002258138278909,0.1209777780124646,0.0232610935896779,0.0018798464688259,0.0864419861075379,0.9540194347796529
TOI-1266 b,TOI-1266,0.0001010917215501,0.0924789917893305,0.0150036390668853,0.0025282896857701,0.0635451505016722,0.965312130117109
TOI-1266 c,TOI-1266,4.7193954167164896e-05,0.053820517426227,0.0219701707801847,0.0003401931162786,0.0465654746591201,0.9772808355570509
TOI-1295 b,TOI-1295,0.0400852172700295,0.6622210856133298,0.0088828843667022,0.0720708440906653,0.5652173913043478,0.7223340974652032
TOI-132 b,TOI-132,0.0191497208485406,0.1338926358175103,0.0042088535047441,0.003566437693193,0.3169539490609724,0.9121046595428014
TOI-1386 b,TOI-1386,0.0007683549904733,0.2472355623100912,0.0369715841180882,0.0075015942927991,0.1320812966297916,0.9129509311604977
TOI-1416 b,TOI-1416,0.0196619723567259,0.0564034889872362,0.0026508432174247,0.0005446284162018,0.3483406225881142,0.9273754326529732
TOI-1420 b,TOI-1420,0.0030917496571645,0.4985221211799671,0.0142246339232257,0.0039976684039687,0.2042706457422176,0.8415793508734098
TOI-1431 b,TOI-1431,0.1180365337330201,0.7056498030481817,0.0086603114685137,0.15836622511068,0.5677900694623103,0.6704688025297146
TOI-1438 b,TOI-1438,0.0032253804853868,0.1175338159311191,0.0107302394216665,0.0014901416783471,0.207872395163365,0.9370970203192635
TOI-1438 c,TOI-1438,0.0014436361090898,0.1050494533862416,0.0168955087014874,0.0016817997720252,0.1623359917674298,0.9469282362310445
TOI-1448 b,TOI-1448,0.0001173501389838,0.1050064038602248,0.0110418414791304,0.0031032639668043,0.0676614355544121,0.961839141718813
TOI-1452 b,TOI-1452,3.6058051815309096e-05,0.0586420643401107,0.0119989049413409,0.000758646620809,0.0419346539747877,0.9776868485849137
TOI-1468 b,TOI-1468,0.0008066624945637,0.0469756427895528,0.0031115691166749,0.0004743537818532,0.1339078981219449,0.9675218781679127
TOI-1468 c,TOI-1468,4.340774736753393e-05,0.0781865491517466,0.0175810332279079,0.0006436517646022,0.0450475945459223,0.9717963675302534
TOI-1470 b,TOI-1470,0.0010271533611304,0.0805112235566548,0.0047652857502153,0.0011579343159717,0.1468999228196552,0.9568209442413331
TOI-1470 c,TOI-1470,7.05793491060621e-05,0.0929955861015323,0.0220146853598224,0.0011451571097265,0.0540262413172112,0.9661954935143757
TOI-157 b,TOI-157,0.0236486253986903,0.6072124451795551,0.0054062956969981,0.0598882669930135,0.3666066375096475,0.7735930224907545
TOI-1634 b,TOI-1634,0.0026908571724977,0.0637219084100954,0.0018607094288556,0.0007730209778349,0.1957808078209416,0.9535544694341331
TOI-1685 b,TOI-1685,0.0052521147134245,0.0498599610326797,0.0009548377332285,0.0004727566310726,0.2312837664008232,0.9510767752681418
TOI-169 b,TOI-169,0.0321341829908044,0.5107040177550504,0.0062654270840056,0.0401417543643203,0.3992796501157705,0.7941368995653658
TOI-1695 b,TOI-1695,0.0008645691867933,0.0684573562719455,0.0058888337402707,0.0010046078410293,0.1376382814509904,0.9611907430160941
TOI-1696 b,TOI-1696,0.0002966381668487,0.1261437211344829,0.0036524212592729,0.0090286933630185,0.0951890918446102,0.9519257336911021
TOI-1710 b,TOI-1710,0.0007309383585711,0.2083683158266071,0.0349239134547542,0.0029275773809327,0.1458708515564702,0.9217301049806444
TOI-172 b,TOI-172,0.0066552384097584,0.4523164191632249,0.0187651210462706,0.2751201784214434,0.2662721893491124,0.7880829474949836
TOI-1728 b,TOI-1728,0.001282833679129,0.2040633632249252,0.0071245584710132,0.004265989735118,0.1553897607409313,0.9237251911847654
TOI-1736 b,TOI-1736,0.0073367556336919,0.1179643111912873,0.0148923526177911,0.0018894293735098,0.2631849755595575,0.9269630280416559
TOI-1759 b,TOI-1759,0.0001382856354053,0.121838768532801,0.0246187882686276,0.0017137427876382,0.0720349884229483,0.9558889465283454
TOI-1789 b,TOI-1789,0.0512211196218853,0.6815227379500958,0.0092879670414052,0.0355222121292473,0.4538204270645742,0.7381466764362344
TOI-1803 b,TOI-1803,0.0012877334761639,0.1153813396302782,0.0117763320431524,0.0016370795501669,0.1502444044250064,0.9467266352714817
TOI-1803 c,TOI-1803,0.0004859485068302,0.1713457234521428,0.0200115292761261,0.001266540569056,0.1093388217134036,0.9383625002864809
TOI-181 b,TOI-181,0.0022772697591498,0.2861114548603805,0.0104186373642027,0.0073626574691983,0.1883457679444301,0.8970226949352355
TOI-1899 b,TOI-1899,6.0557036989391865e-05,0.5415867145308919,0.0337442770943553,0.033491900497074,0.0511962953434525,0.846832902145812
TOI-1937 A b,TOI-1937 A,0.0719338979963371,0.5883922656296855,0.0027220665448451,0.1020204175034939,0.4975559557499356,0.7360120806760039
TOI-2000 b,TOI-2000,0.0139826621572795,0.1028969770854007,0.0079280466334736,0.0017456858032512,0.3408798559300232,0.9178070368679649
TOI-2000 c,TOI-2000,0.0033144677042016,0.3370863986168959,0.0179638586127921,0.0130375418224519,0.2251093388217134,0.876563764985489
TOI-2010 b,TOI-2010,8.706048458680868e-05,0.4952617937397705,0.1211931687926087,0.0652687375864153,0.061023925906869,0.8418317801371071
TOI-2015 b,TOI-2015,0.0002514264033002,0.1326011500370058,0.0051214023873169,0.0026081472248026,0.0897864677128891,0.9522725447291329
TOI-2031 A b,TOI-2031 A,0.0126240820703531,0.5980430920133161,0.0131117694322833,0.0405984110127776,0.3074350398765114,0.7911558872483047
TOI-2095 b,TOI-2095,7.236109348235903e-05,0.0404751643610131,0.02090182086888,0.0006436517646022,0.0473372781065088,0.9805399964259173
TOI-2095 c,TOI-2095,3.694892400345756e-05,0.0439191264423587,0.0289144452036653,0.0011707115222169,0.0344738873166966,0.9807124637898949
TOI-2120 b,TOI-2120,7.637001832902711e-05,0.0780143510476793,0.0068129564135493,0.0010748824753779,0.0568561872909698,0.9710488010025055
TOI-2134 b,TOI-2134,0.0007086665538673,0.1024664818252325,0.015782644210545,0.0014470186072695,0.1294057113455106,0.9528922547331967
TOI-2134 c,TOI-2134,2.714932993382445e-05,0.2996333109822633,0.0809965033797694,0.0066792845646813,0.0367892976588628,0.9101296255557115
TOI-2136 b,TOI-2136,9.39647440449593e-05,0.0766367662151411,0.0104408946540215,0.0023845461155115,0.0617442757910985,0.970029978965832
TOI-216.01,TOI-216,0.0002209140308561,0.4726924055698756,0.04447229078704,0.03193183555755,0.0859274504759454,0.8580379106366685
TOI-216.02,TOI-216,0.0005728085451747,0.3177141119093273,0.027200633887614,0.0047802722864876,0.1196295343452534,0.8987790814612687
TOI-2169 A b,TOI-2169 A,0.0128468001173902,0.5251793545819357,0.0183644898295314,0.0526290023669041,0.3089786467712889,0.8061420748472719
TOI-2180 b,TOI-2180,5.632539409568666e-05,0.4740299762984765,0.1827123178519044,0.1398380991865931,0.0475945459223051,0.8280975747962973
TOI-2193 A b,TOI-2193 A,0.0356308563292872,0.8407613689750479,0.0058091526427193,0.04770508944972,0.4116285052739902,0.7072541919121376
TOI-2196 b,TOI-2196,0.0445395782107718,0.137767093159024,0.0033942366973743,0.0041414119742273,0.4365834834062259,0.8855411246714956
TOI-2207 b,TOI-2207,0.0090383215130555,0.4667918567260012,0.0174296836571398,0.0324764927991292,0.2819655261126833,0.8300574435221407
TOI-2236 b,TOI-2236,0.0301965359815815,0.6052812115857914,0.0095706346221046,0.0801927623043138,0.3923334190892719,0.7637751075226137
TOI-2285 b,TOI-2285,3.026738259234408e-05,0.0615694321092544,0.0287586441749333,0.0031032639668043,0.0311294057113455,0.9764326336903527
TOI-2322 b,TOI-2322,0.0004868393790184,0.0294544857007075,0.0189876939444591,0.0003577617748657,0.1132235657319269,0.9735364701519096
TOI-2322 c,TOI-2322,0.0002220276210913,0.0673380685955082,0.0287363868851145,0.0028796628575132,0.0858759969127862,0.9667679037678636
TOI-2346 b,TOI-2346,0.0302856232003964,0.6805576553978319,0.0089496562361587,0.0629336861003108,0.3925906869050681,0.7484045933109849
TOI-2364 b,TOI-2364,0.0052743865181282,0.3572549801561122,0.0092634840226045,0.0114102674332771,0.2387445330589143,0.8700838571577805
TOI-2379 b,TOI-2379,0.0005594454623525,0.4914014631002191,0.0101359697835033,0.2923778756358794,0.1186004630820684,0.799702559018403
TOI-238 b,TOI-238,0.0162098426276506,0.0470186923155696,0.0031360521354756,0.0005318512099566,0.295343452534088,0.9386608807971604
TOI-238 c,TOI-238,0.001294415017575,0.0805112235566548,0.0150926682261607,0.0010589109675714,0.1371237458193979,0.9571942587165239
TOI-2382 b,TOI-2382,0.0153412422442059,0.5140809048004044,0.0115537591449639,0.0375526916826594,0.324929251350656,0.8094720991730106
TOI-2384 b,TOI-2384,0.0023189180339457,0.4812680958709518,0.0046384191982479,0.0997868899944212,0.1869565217391304,0.8305226024424998
TOI-2406 b,TOI-2406,0.0001449671768164,0.1097849012480917,0.0034676857537765,0.0024803751623505,0.0735785953177257,0.9606306516294254
TOI-2420 b,TOI-2420,0.0226463941870233,0.6332686073234286,0.0136459443879356,0.0470451835950208,0.3623874453305891,0.7697571819556498
TOI-2421 b,TOI-2421,0.0205662076276966,0.4330139652442846,0.0105076665234781,0.0168925622265315,0.3527141754566503,0.8282402409844681
TOI-244 b,TOI-244,0.0001585529776857,0.0520985363855543,0.0108637831605796,0.0004168563537498,0.0758940056598919,0.9743739495745141
TOI-2458 b,TOI-2458,0.0192610798720591,0.1084934154675871,0.0091499718445283,0.0021146276335815,0.3463853871880628,0.913802591382107
TOI-2485 b,TOI-2485,0.0061340781796915,0.5092554916085891,0.0227491759238444,0.1224267370146468,0.2498070491381528,0.8066145812779085
TOI-2567 b,TOI-2567,0.0124236358280197,0.4571410303423706,0.0133788569101094,0.0101919797009104,0.305891432981734,0.8327276550875483
TOI-257 b,TOI-257,0.0041385244782389,0.2950071516606264,0.0324310969950433,0.006993974404446,0.2222793928479547,0.887022841233785
TOI-2570 b,TOI-2570,0.015563960291243,0.5739160264847348,0.0076476047817561,0.0416136507894837,0.3262155904296372,0.7938319760909256
TOI-2580 b,TOI-2580,0.0385261909407697,0.7346022817685782,0.0091054572648906,0.0319688729107761,0.57808078209416,0.7107751346528562
TOI-2583 A b,TOI-2583 A,0.0167198669553656,0.6091415417948475,0.0111308706384058,0.0126793171533611,0.3326472858245433,0.7891526110964842
TOI-2587 A b,TOI-2587 A,0.0162098426276506,0.5063602435213018,0.0125553371868121,0.0110549335112703,0.3298173398507846,0.8156078649328264
TOI-2641 b,TOI-2641,0.013403595234983,0.7659674664391395,0.0119321330718843,0.0195829476346428,0.3148958065346025,0.7521428810054127
TOI-269 b,TOI-269,0.0004191330927191,0.105910443906578,0.0061007231393462,0.001394312631508,0.0946745562130177,0.9583065308233509
TOI-2796 b,TOI-2796,0.0078356440590551,0.729776868576763,0.0110863560587681,0.0223240950320686,0.2680730640596861,0.7694206754168493
TOI-2803 A b,TOI-2803 A,0.0478803489163285,0.7664500077152715,0.0055109049591467,0.049481759058157,0.4450733213275019,0.7168149528896123
TOI-2818 b,TOI-2818,0.0133145080161681,0.64436705710496,0.0093948020325357,0.0360298320176004,0.3120658605608438,0.7799585576280095
TOI-2842 b,TOI-2842,0.0174080657207103,0.5396555937268863,0.0089941708157964,0.0187707558135974,0.336506303061487,0.8047341681485431
TOI-2876 b,TOI-2876,0.0027621269475496,0.4016487801432281,0.0129782256933702,0.0086183580465369,0.1970671468999228,0.8661776006662953
TOI-2886 b,TOI-2886,0.0570117888448503,0.7891294489849614,0.0048120260588349,0.0710556043139593,0.4669410856701826,0.7008806147811018
TOI-2969 b,TOI-2969,0.0085037982001664,0.5174586937333284,0.0042311107945629,0.0588727269934866,0.2631849755595575,0.8164087842945308
TOI-2977 b,TOI-2977,0.0211051853015264,0.553166750319573,0.0059582764845055,0.085268961187844,0.3552868536146128,0.7844341089014375
TOI-2986 b,TOI-2986,0.0257421750408392,0.3866899997221454,0.0084132555515245,0.0154204645507869,0.3753537432467198,0.8353763676048942
TOI-2989 b,TOI-2989,0.0027576725866088,0.5271095196864637,0.0069687574422812,0.1522747864504437,0.2155904296372524,0.8039049208224968
TOI-2992 b,TOI-2992,0.0330473269836566,0.5787414396765502,0.0080816219332236,0.1690262427660936,0.4021095960895292,0.750470591825795
TOI-3023 b,TOI-3023,0.024138605102172,0.6940688119905184,0.0096618895103618,0.0314612530224231,0.3686647800360175,0.7566830589107953
TOI-3135 b,TOI-3135,0.0103300861858708,0.5743985677608668,0.0090075251896877,0.0522736684448972,0.2904553640339593,0.7983775413909799
TOI-3160 A b,TOI-3160 A,0.0207755625919115,0.5792239809526821,0.0096618895103618,0.0603955866585457,0.3540005145356316,0.782815952521166
TOI-3261 b,TOI-3261,0.0326464344989898,0.1511124462242379,0.0022368576267942,0.0048281868099071,0.4010805248263442,0.8910765562456311
TOI-3331 A b,TOI-3331 A,0.0182254409533365,0.5454460894709656,0.0054196500708894,0.1152185346006727,0.3408798559300232,0.7834531950295307
TOI-3364 b,TOI-3364,0.009461485802426,0.513115821817645,0.013445628779566,0.084761341299491,0.2832518651916645,0.8080979878882565
TOI-3464 b,TOI-3464,0.0305083412474335,0.5792239809526821,0.0098844624085503,0.0634413059886639,0.3936197581682532,0.7733218312237736
TOI-3474 b,TOI-3474,0.0164771042840952,0.618309826902346,0.0095951176409053,0.0309536331340701,0.3313609467455621,0.783625031586446
TOI-3486 b,TOI-3486,0.0074347515743883,0.4416997086451559,0.0054062956969981,0.015826560460511,0.2642140468227424,0.8440065986811812
TOI-3523 A b,TOI-3523 A,0.0576799429859617,0.6742846183776205,0.0063433275983716,0.0695327446489002,0.4684846925649601,0.7293112769354451
TOI-3540 A b,TOI-3540 A,0.0187332381005812,1.0,0.0079681097551475,0.0598879667701927,0.3434525340879856,0.6800877441270744
TOI-3593 b,TOI-3593,0.0068556846520918,0.4614839022580539,0.0091277145547095,0.0903451600713743,0.2590686905068176,0.8247302119940905
TOI-3629 b,TOI-3629,0.0009536564056082,0.3437438235634256,0.0077566655018684,0.0123239832313543,0.1409827630563416,0.8893900695325522
TOI-3682 b,TOI-3682,0.0280138991206178,0.5377254286223583,0.0091054572648906,0.0110549335112703,0.3843581167995883,0.7963892231595436
TOI-3688 A b,TOI-3688 A,0.0205817978909892,0.5497889613866489,0.0085712823092383,0.0497355690031321,0.3527141754566503,0.7926668519359932
TOI-3693 b,TOI-3693,0.0015238146060232,0.529039685221487,0.016517134774567,0.0517660485565442,0.1641368664780036,0.8306574811523552
TOI-3714 b,TOI-3714,0.001198646257349,0.4740299762984765,0.0044314264029326,0.0355222121292473,0.1510162078723951,0.8509328958011741
TOI-3757 b,TOI-3757,0.0012298267839342,0.5032575690418172,0.0069798860871907,0.0136125161034861,0.1533316182145613,0.847396425142765
TOI-3785 b,TOI-3785,0.0004213602731895,0.2079378205664389,0.0079925927739482,0.0023765603616082,0.1077952148186262,0.9304452832039232
TOI-3807 b,TOI-3807,0.0273902885889139,0.7828564123952455,0.0077922771655786,0.0527812883332503,0.3815281708258297,0.7275040993174321
TOI-3819 b,TOI-3819,0.0264103291819505,0.552201667767309,0.0086847944873144,0.0563346275517215,0.3781836892204785,0.78516352596144
TOI-3856 b,TOI-3856,0.0211319114671709,0.5719858613802068,0.0056555773429692,0.0274002939155989,0.3552868536146128,0.7913253166551885
TOI-3877 b,TOI-3877,0.0162321144323543,0.4894712979956911,0.0101960644660142,0.0159280844391399,0.3298173398507846,0.8190847168593238
TOI-3884 b,TOI-3884,0.0001360584549349,0.2634717091281354,0.0064568397764477,0.0051939343386761,0.0715204527913558,0.9216787164174023
TOI-3912 b,TOI-3912,0.0194214368659258,0.6014208809462401,0.0087270833379702,0.0205981874113489,0.347054283509133,0.7867678603612254
TOI-3976 A b,TOI-3976 A,0.0104414452093893,0.5150459873526684,0.0149591244872476,0.008872167991512,0.2912271674813481,0.8211516484297868
TOI-3980 b,TOI-3980,0.0256753596267281,0.6091415417948475,0.0094170593223545,0.029938393357364,0.3750964754309236,0.776818150744923
TOI-3984 A b,TOI-3984 A,0.0003679079419006,0.3267545123728593,0.0075474469775713,0.0070162833793986,0.1029071263184975,0.9006069292028036
TOI-4010 b,TOI-4010,0.0158980373617987,0.1166728254107827,0.0035188775203598,0.0017456858032512,0.3287882685875997,0.9160431172379384
TOI-4010 c,TOI-4010,0.0024904109301643,0.2419469461197259,0.0113311862467754,0.003232633180037,0.1914072549524054,0.9082754066874734
TOI-4010 d,TOI-4010,0.0006641229444599,0.2527093276239306,0.0235726956471418,0.0060819501727179,0.1252894262927707,0.9142563576675059
TOI-406 c,TOI-406,0.0004191330927191,0.0434886311821905,0.0055888054735127,0.0003210273069107,0.1083097504502186,0.9721325537003705
TOI-406.01,TOI-406,6.278421745976303e-05,0.0762062709549729,0.0164281056152916,0.0010381480074229,0.0527399022382299,0.9711681714972705
TOI-4087 b,TOI-4087,0.0167866823694768,0.5483413371277577,0.0083687409718868,0.0370450717943064,0.3331618214561358,0.7996584993327472
TOI-411 b,HD 22946,0.0110236079125396,0.0452967112748969,0.0111687080310978,0.0021785136648075,0.2773347054283509,0.9422159604571899
TOI-411 c,HD 22946,0.0034870741906554,0.086882553407144,0.021057621897612,0.0015412505033279,0.1975816825315153,0.9451819747208632
TOI-4127 b,TOI-4127,0.0004926300482413,0.5155285286288004,0.0669966680837141,0.1167413942657318,0.1137381013635194,0.8238614179622819
TOI-4137 b,TOI-4137,0.0225573069682084,0.5710207788279428,0.010044714895246,0.0730860838673714,0.3619758168253151,0.7805595524157558
TOI-4145 A b,TOI-4145 A,0.0049625812522763,0.5594397873397842,0.009156649031474,0.0218164751437156,0.2343709801903782,0.8182166718289237
TOI-4201 b,TOI-4201,0.0011763744526453,0.531934932878279,0.0071557186767596,0.1304471312512635,0.1510162078723951,0.8172059251458487
TOI-421 b,TOI-421,0.0034385216564013,0.1020359865650643,0.0108860404503985,0.001133977054262,0.210547980447646,0.9405618503387744
TOI-421 c,TOI-421,0.00076033714078,0.205785344265598,0.0248858757464538,0.0026113415263639,0.1313609467455621,0.925610564899614
TOI-4214 b,TOI-4214,0.0269448524948396,0.4465251218369713,0.0095906661829415,0.0263850541388928,0.3804990995626447,0.8169743214118359
TOI-4438 b,TOI-4438,0.0001295996315708,0.0951480624023732,0.0103073509151084,0.0008512813660868,0.0699768458965783,0.9644765862607205
TOI-4463 A b,TOI-4463 A,0.014094021180798,0.5575096222352562,0.0074050003227307,0.0402938390800852,0.3169539490609724,0.8000520278795105
TOI-4487 A b,TOI-4487 A,0.0267889498619136,0.6154145788150587,0.010547729645152,0.0634413059886639,0.3797272961152559,0.7674075417581249
TOI-4603 b,TOI-4603,0.0265439600101728,0.4894712979956911,0.0181864315109806,0.6543108560315881,0.3895034731155132,0.6785626521732827
TOI-4734 b,TOI-4734,0.0172566174487251,0.4566584890662385,0.0148923526177911,0.0098366457789036,0.3357344996140983,0.8268416531391483
TOI-4791 b,TOI-4791,0.0174392462472955,0.5222841069251436,0.0107747540013042,0.1172490141540848,0.3367635708772832,0.7891553855319856
TOI-4794 b,TOI-4794,0.0291720329652108,0.6047986703096594,0.0093725447427168,0.0492279491147791,0.3884744018523283,0.7709947179579452
TOI-4860 b,TOI-4860,0.0009425205032563,0.3611941331863145,0.0024460761510913,0.0138361172127772,0.1366092101878055,0.8859154979666091
TOI-4961 b,TOI-4961,0.0025572263442754,0.5179412350094603,0.0145807505603272,0.0913603998480804,0.1944944687419603,0.8208431980074095
TOI-4994 b,TOI-4994,0.000886840991497,0.354359732068825,0.0321417522273982,0.0142021768184202,0.1426807306405968,0.8836872945028312
TOI-500 b,TOI-500,0.0253412825561724,0.0368590041756003,0.0010683499113047,0.0002156153553878,0.3740674041677386,0.9269227955018794
TOI-5005 b,TOI-5005,0.0050293966663874,0.255722794445108,0.0131429296380296,0.0052115029972633,0.2256238744533059,0.8983603076575553
TOI-5181 A b,TOI-5181 A,0.0234481791563569,0.5613699524443123,0.0100402634372822,0.0527812883332503,0.3658348340622588,0.7861875490222977
TOI-519 b,TOI-519,0.001198646257349,0.4976745001204304,0.0020899595139898,0.0266388640838679,0.1520452791355801,0.846878220454178
TOI-5205 b,TOI-5205,0.0010872872338304,0.4860377586350895,0.0028511588257944,0.0547710917208554,0.147671726267044,0.8447742810042714
TOI-5210 b,TOI-5210,0.0101519117482411,0.4484552869414993,0.0108192685809419,0.0130854130646824,0.2889117571391819,0.8378048316982448
TOI-5218 b,TOI-5218,0.0013768206949787,0.4111315833658245,0.0088606270768833,0.1049216262332883,0.1595060457936712,0.8510077631266536
TOI-5293 A b,TOI-5293 A,0.000766573246097,0.4989526164401353,0.0059894366902519,0.0272042692468238,0.1317211216876768,0.8492339081445957
TOI-5300 b,TOI-5300,0.0044057861346835,0.4112996065268587,0.0049878586484038,0.0304460132457171,0.2263956779006946,0.8553060223287924
TOI-532 b,TOI-532,0.0020917456259678,0.2372114982578758,0.0050101159382226,0.0098112972455374,0.1811165423205557,0.9104388493567276
TOI-5322 b,TOI-5322,0.0123345486092048,0.7017894728391256,0.0118653612024278,0.0293800114796966,0.3053768973501415,0.7679831941887537
TOI-5340 b,TOI-5340,0.022356860725875,0.6356813137040886,0.0123995361580801,0.0431365104545427,0.3609467455621302,0.7703633458151793
TOI-5344 b,TOI-5344,0.0008422973820896,0.4431473324735519,0.0074161289676401,0.0209027593440413,0.1353228711088243,0.8637398822350892
TOI-5386 A b,TOI-5386 A,0.018192033246281,0.619757450730742,0.0092300980878762,0.024760670496802,0.3408798559300232,0.7825959050457786
TOI-5542 b,TOI-5542,0.0002097781285042,0.4735474350223445,0.0723161603504187,0.066994645207135,0.0715204527913558,0.8501915948106904
TOI-5573 b,TOI-5573,0.0002837205201205,0.4063961355039744,0.0142691485028633,0.0178769086878236,0.093902752765629,0.8792281404652748
TOI-5592 b,TOI-5592,0.0381252984561029,0.7249514553849478,0.0071802016955603,0.0456238479069934,0.4183174684846926,0.7347341365932735
TOI-561 b,TOI-561,0.1056756821224602,0.0480088314139565,0.0007812308726415,0.0003082501006655,0.5523540005145356,0.8733022143251952
TOI-561 c,TOI-561,0.0014993156208491,0.1100001488781758,0.0182086888007994,0.0009359303574613,0.1643941342937998,0.9453829929985592
TOI-561 d,TOI-561,0.000472585424008,0.1080629202074189,0.0335884760656233,0.0020970589749944,0.111911499871366,0.9522775099386769
TOI-561 e,TOI-561,0.000106436954679,0.0964395481828778,0.0714258687576648,0.0020012299281553,0.0648314895806534,0.9585906255693812
TOI-5616 b,TOI-5616,0.0030472060477571,0.450737147301298,0.0044759409825703,0.0996510286571409,0.1996398250578852,0.8360777777719803
TOI-5634 A b,TOI-5634 A,0.0017108977655344,0.4352393179352432,0.0044759409825703,0.0939012858467983,0.1733985078466683,0.845439273741912
TOI-564 b,TOI-564,0.0316887468967302,0.4788562367049638,0.0045071011883167,0.074253981835996,0.3990223822999743,0.7956244529237131
TOI-5688 A b,TOI-5688 A,0.0011162405799453,0.4300733748132249,0.0059426963816323,0.0197934896246044,0.1489580653460252,0.8652501067577223
TOI-5720 b,TOI-5720,0.0009247030594934,0.0335872401983221,0.0024923713139145,0.0006755947802152,0.1402109596089529,0.9699097790037939
TOI-6008 b,TOI-6008,0.0009202486985526,0.031004268637313,0.0008206262756209,0.0006276802567957,0.1399536917931566,0.9707722057832112
TOI-6016 b,TOI-6016,0.0209314652248375,0.5753636503131309,0.01066346755221,0.0593803468818396,0.4443015178801132,0.7702920040406601
TOI-6034 b,TOI-6034,0.0009536564056082,0.4998136069604716,0.0049856329194219,0.0405564497730639,0.1417545665037304,0.8448874631160851
TOI-6038 A b,TOI-6038 A,0.0159425809712061,0.262610718607799,0.0137794881268487,0.0125264535726436,0.3282737329560072,0.8764402465860738
TOI-6054.01,TOI-6054,0.0126908974844642,0.1003140055243915,0.0154042702836246,0.0019852584203488,0.3079495755081039,0.9229843143349151
TOI-6054.02,TOI-6054,0.0063434331439064,0.1080629202074189,0.0224375738663805,0.0014741701705406,0.252122459480319,0.9307242796621795
TOI-6130 b,TOI-6130,0.0256085442126169,0.6043161290335274,0.0064345824866289,0.0532889082216033,0.408284023668639,0.7686945610345537
TOI-615 b,TOI-615,0.0286375096523217,0.8036056885604074,0.0135124006490225,0.0220702850886907,0.3866735271417545,0.7267409988102982
TOI-622 b,TOI-622,0.013403595234983,0.3842772933414854,0.014180119343588,0.0153697025614724,0.3151530743503987,0.8481446844949206
TOI-6303 b,TOI-6303,0.0003140101745176,0.4856072633749213,0.0153597557039869,0.3981585095607622,0.0972472343709801,0.7827492184657163
TOI-6330 b,TOI-6330,0.0002180186962446,0.4554725951631481,0.0112488342744457,0.5077230531134022,0.0854129148443529,0.7705850143235616
TOI-6383 A b,TOI-6383 A,0.001138512384649,0.4726924055698756,0.0035233289783236,0.0528545107840745,0.1497298687934139,0.848102629518477
TOI-654.01,TOI-654,0.0014436361090898,0.0890350297079849,0.0027487752926277,0.0013799382744822,0.1623359917674298,0.952406887791003
TOI-663 b,TOI-663,0.0010895144143008,0.0843856808981685,0.0049878586484038,0.000699552041925,0.1314638538718806,0.9582184510971603
TOI-663 c,TOI-663,0.0004926300482413,0.0839551856380003,0.0081483938026802,0.0005717799794729,0.1003344481605351,0.9628840519757849
TOI-663 d,TOI-663,0.0002832750840265,0.0693183467922819,0.0112421570875,0.0008193383504738,0.0820684332390018,0.9689870824120266
TOI-6651 b,TOI-6651,0.018192033246281,0.205785344265598,0.0125108226071744,0.0097314397065048,0.3421661950090043,0.888573754506347
TOI-669 b,TOI-669,0.0086418833893294,0.0985920244837188,0.0088828843667022,0.0015540277095731,0.2757910985335735,0.9301916701036506
TOI-674 b,TOI-674,0.0008512061039711,0.212673268428289,0.0039862806065556,0.0037580957868711,0.1214304090558271,0.9272115124853326
TOI-6894 b,TOI-6894,0.0001193546014071,0.3992360737625681,0.0042177564206716,0.0085168340695051,0.0655775662464625,0.8881933977859984
TOI-7149 b,TOI-7149,0.000454767980245,0.5549170002619999,0.0042155306916897,0.0357649974311117,0.1106251607923848,0.8369659928661775
TOI-733 b,TOI-733,0.0046084595574873,0.0724179126654928,0.0121769632598916,0.0009023901910676,0.2296887059428865,0.944661503710745
TOI-771 b,TOI-771,0.0003077740692005,0.0452106122228632,0.003051474434164,0.0003833161873561,0.0977617700025726,0.9735589385422506
TOI-776 b,TOI-776,0.0002520945574413,0.0663048799711045,0.0129337111137325,0.0006276802567957,0.0903010033444816,0.9683840939755868
TOI-776 c,TOI-776,0.0001051006463968,0.0736232993939638,0.0206792479706916,0.0008353098582803,0.0648314895806534,0.9696029347517667
TOI-782 b,TOI-782,0.0001275951691475,0.1043606609699725,0.0112866716671377,0.0030393779355783,0.0699768458965783,0.9616384865684464
TOI-815 b,TOI-815,0.0008177983969155,0.1132288633294372,0.0185202908582633,0.0012026545378299,0.1345510676614355,0.9491722245059584
TOI-815 c,TOI-815,0.0001748113951194,0.0994530150040551,0.0413785275022201,0.0037421242790646,0.0787239516336506,0.9583894324793679
TOI-824 b,TOI-824,0.0091719523412778,0.1126261699652017,0.0032673701454068,0.0029382782911631,0.2804219192179058,0.926114191250857
TOI-836 b,TOI-836,0.0017518333425798,0.060019649172649,0.0078145344553975,0.0007123292481702,0.1821456135837406,0.9562237763713289
TOI-836 c,TOI-836,0.0005907818915706,0.0980323806455001,0.0151149255159796,0.0015220846939601,0.1291484435297144,0.9541264942513066
TOI-837 b,TOI-837,0.0036485447747573,0.3813820452541981,0.0181864315109806,0.019227613712636,0.2141240030872137,0.8657771588973159
TOI-858 B b,TOI-858 B,0.0202388120985521,0.5922525962692368,0.0082930661865027,0.0558270076633684,0.3514278363776691,0.7811563236951509
TOI-905 b,TOI-905,0.0075015669884994,0.5517200994104648,0.0088072095813181,0.033847236199904,0.2647285824543349,0.8124600494845712
TOI-908 b,TOI-908,0.0017974014550036,0.1238190467295747,0.0076936773716811,0.0025661421592715,0.2968870594288654,0.9226903627977532
TOI-954 b,TOI-954,0.0310205927556189,0.3977891576683798,0.0094682510889379,0.0088214502720228,0.3506560329302804,0.835937012653379
TOI-969 b,TOI-969,0.0041830680876464,0.1056951962764939,0.0042889797480919,0.0014422271549276,0.2001543606894777,0.9415807829953662
TRAPPIST-1 b,TRAPPIST-1,9.062397333940254e-05,0.0334150420942548,0.0008947430507176,0.0001245777608907,0.0609981991252894,0.9823549325583911
TRAPPIST-1 c,TRAPPIST-1,4.652580002605356e-05,0.0321235563137503,0.0018072919332904,0.0002092267522652,0.046025212245948,0.9848287968008803
TRAPPIST-1 d,TRAPPIST-1,2.1425476124970568e-05,0.0198974909249737,0.0031939210890046,5.430312654212479e-05,0.0321584769745304,0.9898651753455305
TRAPPIST-1 e,TRAPPIST-1,1.0712738062485286e-05,0.0261827217234292,0.0046918366938131,8.78432929357901e-05,0.0227167481348083,0.9895568411995341
TRAPPIST-1 f,TRAPPIST-1,4.476632745446034e-06,0.0316500115275652,0.0066794126746362,9.742619761969448e-05,0.0144069976845896,0.9892376779686091
TRAPPIST-1 g,TRAPPIST-1,1.7149289621857945e-06,0.0351800726609444,0.008459995860144,0.0002028381491426,0.0091587342423462,0.9889440900038803
WASP-102 b,WASP-102,0.0287934122852477,0.6284431941316133,0.0075474469775713,0.0315627769994549,0.3879598662207358,0.7689898977507639
WASP-116 b,WASP-116,0.0147621753219094,0.5753636503131309,0.0128891965340948,0.0324764927991292,0.3218420375611011,0.795669910977744
WASP-132 b,WASP-132,0.0012988693785157,0.421432973756126,0.0134233714897471,0.0217149511666838,0.1335219963982505,0.8685384689053647
WASP-132 c,WASP-132,0.0176129663239845,0.0659174342369532,0.0025017193756385,0.0009886363332228,0.2999742732184203,0.9327927113565949
WASP-149 b,WASP-149,0.0437823368508456,0.642919433276564,0.0037637077083671,0.0502939508807996,0.4352971443272446,0.7504057080295221
WASP-151 b,WASP-151,0.0102409989670559,0.5319358717884414,0.01066346755221,0.0157251153555763,0.2899408284023668,0.8162412382760816
WASP-153 b,WASP-153,0.0311764953885448,0.7346035693799015,0.0091054572648906,0.01978609481649,0.3954206328788268,0.7428152994168501
WASP-154 b,WASP-154,0.0036040011653499,0.4499029107698953,0.0082151656721367,0.0317658249551155,0.2137895549266786,0.8471999571606826
WASP-155 b,WASP-155,0.0171675302299102,0.5657128243599955,0.0079925927739482,0.0442025122205633,0.3357344996140983,0.7934215981774059
WASP-156 b,WASP-156,0.0033367395089053,0.2327597467724766,0.0085045104397817,0.0064863870819974,0.2076151273475688,0.9075190438916962
WASP-161 b,WASP-161,0.0220450554600231,0.5382089195710342,0.0134011141999283,0.1263868056654765,0.358631335219964,0.7784220806331519
WASP-163 b,WASP-163,0.0267221344478025,0.5666789056612631,0.0043423972436572,0.0949142148433948,0.3794700282994597,0.7739760463123797
WASP-166 b,WASP-166,0.0097955628729817,0.2906648032271795,0.0126888809257252,0.005115806513939,0.2847954720864419,0.8793837601229841
WASP-170 b,WASP-170,0.0151407960018725,0.5155294391262756,0.0059226648207954,0.0812084091628108,0.323900180087471,0.801156426090107
WASP-173 A b,WASP-173 A,0.0427578338344749,0.6067299030424327,0.0040040864384107,0.1761338040616702,0.4319526627218935,0.7350701052245902
WASP-174 b,WASP-174,0.0200829094656261,0.6800751141216999,0.0106701447391556,0.0167402762601853,0.3511705685618729,0.7668656936196536
WASP-178 b,WASP-178,0.123604484908948,0.9227950028576858,0.0105521811031157,0.0715635829431406,0.5760226395677901,0.6304485731787859
WASP-18 b,WASP-18,0.1292837951083945,0.5850144766967615,0.0029268336111785,0.5177611060646237,0.5829688705942887,0.6236710071301055
WASP-188 b,WASP-188,0.028459335214692,0.6245828639225574,0.0144472068214141,0.0732383698337176,0.3866735271417545,0.7612230597348049
WASP-19 b,WASP-19,0.0739383604196711,0.6694592051858052,0.0020988624299173,0.0585681550607942,0.5016722408026756,0.7232793372020955
WASP-193 b,WASP-193,0.0091942241459815,0.6931037290077592,0.0134678860693848,0.0070447363921633,0.2806791870337021,0.7791081865638393
WASP-194 b,WASP-194,0.0303969822239149,0.6530528009363266,0.0088828843667022,0.0595833948375003,0.3936197581682532,0.7557697739693356
WASP-195 b,WASP-195,0.0198178749896519,0.4306012584331294,0.0124440507377178,0.0052680667837263,0.3496269616670954,0.8316622602142407
WASP-197 b,WASP-197,0.0284147916052846,0.6086590005187155,0.0128891965340948,0.0644057837760555,0.3864162593259583,0.7671782970812214
WASP-2 b,WASP-2,0.0109536967175747,0.5082913070694378,0.0054196500708894,0.0472484684209194,0.295343452534088,0.8153478876459821
WASP-44 b,WASP-44,0.0118668407104269,0.5174596076747657,0.0061074003262918,0.0441519715819726,0.3020324157447903,0.8123290491574382
WASP-45 b,WASP-45,0.0065438793862398,0.443148118557897,0.0072425221070531,0.0489236224485463,0.2546951376382814,0.838536559198497
WASP-76 b,WASP-76,0.091399455307381,0.8812948387531078,0.0057668637920634,0.0453700379636155,0.5312580396192437,0.6629170538046928
WASP-77 A b,WASP-77 A,0.0320673675766933,0.5801890635049461,0.0036190353245446,0.0846090553331448,0.3992796501157705,0.7681568617343064
WD 1856+534 b,WD 1856+534,0.0,0.4343783274149068,0.0029624452748886,0.7005077769521608,0.0,0.7510076182283523
Wolf 327 b,Wolf 327,0.0052053439235467,0.040044669100845,0.0006476871337284,0.00039289909204,0.2143040905582711,0.9561382674322032
Wolf 503 b,Wolf 503,0.0014369545676787,0.0746134384923506,0.0111353220963696,0.0009902334840034,0.1610496526884486,0.9554465271969037
XO-7 b,XO-7,0.0342945480470645,0.6491936111092147,0.0082619059807563,0.0359792504168837,0.4064831489580653,0.7584187197834149
pi Men c,HD 39091,0.0068779564567955,0.0745703889663338,0.0136437186589537,0.000758646620809,0.2590172369436583,0.938925329089772
